label	committed	season	fauna	alive	mass	sum_gear	gear_per_4mass	ball_share	food	work_j	path	build_errors
rbt-107-fresh-shift-11	runs/RBT-107/fresh/shift-11	0	holistic	60	15.055	27.14	0.445	0.802	0.1333	1937.0351	0.2581	0
rbt-107-fresh-shift-11	runs/RBT-107/fresh/shift-11	0	conventional	60	15.337	108.00	1.760	0.000	0.8103	19832.9676	4.1330	0
rbt-107-fresh-shift-11	runs/RBT-107/fresh/shift-11	59	holistic	60	15.142	99.38	1.645	0.993	1.0803	6888.3862	2.4706	0
rbt-107-fresh-shift-11	runs/RBT-107/fresh/shift-11	59	conventional	60	15.337	108.00	1.760	0.000	1.2570	17600.3745	1.9236	0
rbt-107-fresh-shift-11	runs/RBT-107/fresh/shift-11	299	holistic	60	15.194	100.69	1.659	0.992	1.0615	6353.3799	2.5796	0
rbt-107-fresh-shift-11	runs/RBT-107/fresh/shift-11	299	conventional	60	15.337	108.00	1.760	0.000	1.2518	18962.6195	2.5724	0
rbt-107-fresh-shift-11	runs/RBT-107/fresh/shift-11	599	holistic	60	15.340	88.45	1.442	0.962	1.3868	6392.5931	1.6856	0
rbt-107-fresh-shift-11	runs/RBT-107/fresh/shift-11	599	conventional	60	15.337	108.00	1.760	0.000	2.1018	20161.5645	3.1128	0
rbt-107-fresh-shift-11	runs/RBT-107/fresh/shift-11	1199	holistic	60	15.340	98.90	1.612	0.948	1.6117	6812.3245	1.9771	0
rbt-107-fresh-shift-11	runs/RBT-107/fresh/shift-11	1199	conventional	60	15.337	108.00	1.760	0.000	2.4359	22952.7308	1.9268	0
rbt-107-fresh-shift-12	runs/RBT-107/fresh/shift-12	0	holistic	60	15.145	26.88	0.439	0.809	0.1379	1431.7336	0.2526	0
rbt-107-fresh-shift-12	runs/RBT-107/fresh/shift-12	0	conventional	60	15.337	108.00	1.760	0.000	0.8276	20254.5113	2.4431	0
rbt-107-fresh-shift-12	runs/RBT-107/fresh/shift-12	59	holistic	60	15.340	62.95	1.026	0.980	0.9001	3105.2331	1.3135	0
rbt-107-fresh-shift-12	runs/RBT-107/fresh/shift-12	59	conventional	60	15.337	108.00	1.760	0.000	1.2323	16916.0844	2.3275	0
rbt-107-fresh-shift-12	runs/RBT-107/fresh/shift-12	299	holistic	60	15.340	68.94	1.124	0.977	1.3028	5027.7904	2.0718	0
rbt-107-fresh-shift-12	runs/RBT-107/fresh/shift-12	299	conventional	60	15.337	108.00	1.760	0.000	1.5590	20942.7407	2.0030	0
rbt-107-fresh-shift-12	runs/RBT-107/fresh/shift-12	599	holistic	60	15.309	82.90	1.351	0.977	1.3416	5359.4110	2.5276	0
rbt-107-fresh-shift-12	runs/RBT-107/fresh/shift-12	599	conventional	60	15.337	108.00	1.760	0.000	2.0213	19315.0782	2.1088	0
rbt-107-fresh-shift-12	runs/RBT-107/fresh/shift-12	1199	holistic	60	15.329	102.11	1.665	0.921	1.3525	6395.3235	2.9988	0
rbt-107-fresh-shift-12	runs/RBT-107/fresh/shift-12	1199	conventional	60	15.337	108.00	1.760	0.000	2.3536	20353.3336	2.1201	0
rbt-107-fresh-shift-13	runs/RBT-107/fresh/shift-13	0	holistic	60	15.053	22.46	0.368	0.873	0.1167	1212.3813	0.2190	0
rbt-107-fresh-shift-13	runs/RBT-107/fresh/shift-13	0	conventional	60	15.337	108.00	1.760	0.000	0.8167	20911.7990	3.4589	0
rbt-107-fresh-shift-13	runs/RBT-107/fresh/shift-13	59	holistic	60	15.328	54.68	0.892	0.810	1.3808	5579.4469	1.7810	0
rbt-107-fresh-shift-13	runs/RBT-107/fresh/shift-13	59	conventional	60	15.337	108.00	1.760	0.000	1.1091	17163.8593	2.6759	0
rbt-107-fresh-shift-13	runs/RBT-107/fresh/shift-13	299	holistic	60	15.340	49.24	0.802	0.661	1.6316	3010.8108	2.4705	0
rbt-107-fresh-shift-13	runs/RBT-107/fresh/shift-13	299	conventional	60	15.337	108.00	1.760	0.000	1.4121	16221.7171	2.2242	0
rbt-107-fresh-shift-13	runs/RBT-107/fresh/shift-13	599	holistic	60	15.340	47.51	0.774	0.606	1.8573	2517.3369	2.2949	0
rbt-107-fresh-shift-13	runs/RBT-107/fresh/shift-13	599	conventional	60	15.337	108.00	1.760	0.000	2.2184	21289.1204	3.1752	0
rbt-107-fresh-shift-13	runs/RBT-107/fresh/shift-13	1199	holistic	60	15.340	70.94	1.156	0.870	1.4722	2185.7761	1.3004	0
rbt-107-fresh-shift-13	runs/RBT-107/fresh/shift-13	1199	conventional	60	15.337	108.00	1.760	0.000	2.4126	18440.0897	3.4313	0
rbt-107-fresh-shift-14	runs/RBT-107/fresh/shift-14	0	holistic	60	15.263	21.25	0.346	0.751	0.0678	1268.5313	0.2836	0
rbt-107-fresh-shift-14	runs/RBT-107/fresh/shift-14	0	conventional	60	15.337	108.00	1.760	0.000	0.6724	18328.6362	2.6623	0
rbt-107-fresh-shift-14	runs/RBT-107/fresh/shift-14	59	holistic	60	15.322	83.52	1.363	0.974	1.3889	11634.6008	2.1987	0
rbt-107-fresh-shift-14	runs/RBT-107/fresh/shift-14	59	conventional	60	15.337	108.00	1.760	0.000	1.1924	16768.6004	2.6548	0
rbt-107-fresh-shift-14	runs/RBT-107/fresh/shift-14	299	holistic	60	15.340	93.43	1.523	0.993	1.3759	6896.7463	1.6643	0
rbt-107-fresh-shift-14	runs/RBT-107/fresh/shift-14	299	conventional	60	15.337	108.00	1.760	0.000	1.3424	16517.1086	1.9230	0
rbt-107-fresh-shift-14	runs/RBT-107/fresh/shift-14	599	holistic	60	15.340	154.61	2.520	0.998	1.3915	8370.8548	1.4142	0
rbt-107-fresh-shift-14	runs/RBT-107/fresh/shift-14	599	conventional	60	15.337	108.00	1.760	0.000	1.9072	14922.9524	3.5795	0
rbt-107-fresh-shift-14	runs/RBT-107/fresh/shift-14	1199	holistic	60	15.340	121.14	1.974	0.937	1.4898	7447.7818	1.8267	0
rbt-107-fresh-shift-14	runs/RBT-107/fresh/shift-14	1199	conventional	60	15.337	108.00	1.760	0.000	2.1113	17650.4832	3.4458	0
rbt-107-fresh-shift-15	runs/RBT-107/fresh/shift-15	0	holistic	60	15.177	22.36	0.365	0.658	0.0667	916.5807	0.2440	0
rbt-107-fresh-shift-15	runs/RBT-107/fresh/shift-15	0	conventional	60	15.337	108.00	1.760	0.000	0.9333	19084.9670	1.7083	0
rbt-107-fresh-shift-15	runs/RBT-107/fresh/shift-15	59	holistic	60	15.340	56.95	0.928	0.992	1.0478	6178.7113	2.1159	0
rbt-107-fresh-shift-15	runs/RBT-107/fresh/shift-15	59	conventional	60	15.337	108.00	1.760	0.000	1.2541	18591.5466	2.0315	0
rbt-107-fresh-shift-15	runs/RBT-107/fresh/shift-15	299	holistic	60	15.340	48.08	0.784	0.980	1.1971	4984.9221	2.7319	0
rbt-107-fresh-shift-15	runs/RBT-107/fresh/shift-15	299	conventional	60	15.337	108.00	1.760	0.000	1.4491	19006.3705	2.2383	0
rbt-107-fresh-shift-15	runs/RBT-107/fresh/shift-15	599	holistic	60	15.340	42.69	0.696	0.988	1.1375	4589.5689	2.3426	0
rbt-107-fresh-shift-15	runs/RBT-107/fresh/shift-15	599	conventional	60	15.337	108.00	1.760	0.000	2.0367	21197.5916	2.1821	0
rbt-107-fresh-shift-15	runs/RBT-107/fresh/shift-15	1199	holistic	60	15.340	39.93	0.651	0.984	1.4166	4427.9418	3.6497	0
rbt-107-fresh-shift-15	runs/RBT-107/fresh/shift-15	1199	conventional	60	15.337	108.00	1.760	0.000	2.4480	21320.7146	1.8557	0
rbt-107-fresh-shift-16	runs/RBT-107/fresh/shift-16	0	holistic	60	15.102	24.54	0.400	0.704	0.0508	2678.1958	0.2795	0
rbt-107-fresh-shift-16	runs/RBT-107/fresh/shift-16	0	conventional	60	15.337	108.00	1.760	0.000	0.5614	20324.4784	4.7105	0
rbt-107-fresh-shift-16	runs/RBT-107/fresh/shift-16	59	holistic	60	15.335	69.52	1.133	0.937	1.0360	3089.9142	2.4340	0
rbt-107-fresh-shift-16	runs/RBT-107/fresh/shift-16	59	conventional	60	15.337	108.00	1.760	0.000	1.3302	19202.6775	1.8506	0
rbt-107-fresh-shift-16	runs/RBT-107/fresh/shift-16	299	holistic	60	15.340	76.91	1.253	0.998	1.1606	4368.7519	3.3128	0
rbt-107-fresh-shift-16	runs/RBT-107/fresh/shift-16	299	conventional	60	15.337	108.00	1.760	0.000	1.2853	18598.8944	1.9607	0
rbt-107-fresh-shift-16	runs/RBT-107/fresh/shift-16	599	holistic	60	15.340	74.89	1.221	0.999	1.5421	5527.1376	2.6729	0
rbt-107-fresh-shift-16	runs/RBT-107/fresh/shift-16	599	conventional	60	15.337	108.00	1.760	0.000	2.3382	20991.3315	1.7946	0
rbt-107-fresh-shift-16	runs/RBT-107/fresh/shift-16	1199	holistic	60	15.340	103.57	1.688	0.992	1.8695	10728.7523	3.3035	0
rbt-107-fresh-shift-16	runs/RBT-107/fresh/shift-16	1199	conventional	60	15.337	108.00	1.760	0.000	2.5209	22119.0374	2.1005	0
rbt-107-fresh-shift-17	runs/RBT-107/fresh/shift-17	0	holistic	60	15.099	18.74	0.305	0.655	0.1000	1034.3197	0.1827	0
rbt-107-fresh-shift-17	runs/RBT-107/fresh/shift-17	0	conventional	60	15.337	108.00	1.760	0.000	0.4500	20799.5752	3.1567	0
rbt-107-fresh-shift-17	runs/RBT-107/fresh/shift-17	59	holistic	60	15.340	37.44	0.610	0.986	0.7711	5114.5856	2.0696	0
rbt-107-fresh-shift-17	runs/RBT-107/fresh/shift-17	59	conventional	60	15.337	108.00	1.760	0.000	1.1896	16890.6714	1.9251	0
rbt-107-fresh-shift-17	runs/RBT-107/fresh/shift-17	299	holistic	60	15.340	47.74	0.778	0.967	1.1226	5403.8832	2.5818	0
rbt-107-fresh-shift-17	runs/RBT-107/fresh/shift-17	299	conventional	60	15.337	108.00	1.760	0.000	1.3995	20661.3943	1.7932	0
rbt-107-fresh-shift-17	runs/RBT-107/fresh/shift-17	599	holistic	60	15.340	65.20	1.063	0.970	1.4239	6226.2992	2.8646	0
rbt-107-fresh-shift-17	runs/RBT-107/fresh/shift-17	599	conventional	60	15.337	108.00	1.760	0.000	1.9021	21542.1442	5.8128	0
rbt-107-fresh-shift-17	runs/RBT-107/fresh/shift-17	1199	holistic	60	15.340	53.78	0.877	0.989	1.3578	7152.4316	3.0230	0
rbt-107-fresh-shift-17	runs/RBT-107/fresh/shift-17	1199	conventional	60	15.337	108.00	1.760	0.000	2.2640	21117.8653	2.1987	0
rbt-107-fresh-shift-18	runs/RBT-107/fresh/shift-18	0	holistic	58	15.123	14.20	0.231	0.611	0.0000	864.5842	0.1447	0
rbt-107-fresh-shift-18	runs/RBT-107/fresh/shift-18	0	conventional	60	15.337	108.00	1.760	0.000	0.6207	19963.4857	4.0276	0
rbt-107-fresh-shift-18	runs/RBT-107/fresh/shift-18	59	holistic	60	15.340	54.83	0.894	0.967	1.2988	7363.4311	2.9879	0
rbt-107-fresh-shift-18	runs/RBT-107/fresh/shift-18	59	conventional	60	15.337	108.00	1.760	0.000	1.2453	17175.5525	1.8021	0
rbt-107-fresh-shift-18	runs/RBT-107/fresh/shift-18	299	holistic	60	15.340	52.87	0.862	1.000	1.2835	5645.3629	2.4622	0
rbt-107-fresh-shift-18	runs/RBT-107/fresh/shift-18	299	conventional	60	15.337	108.00	1.760	0.000	1.3663	17921.3943	2.3631	0
rbt-107-fresh-shift-18	runs/RBT-107/fresh/shift-18	599	holistic	60	15.340	65.67	1.070	0.989	1.5901	8423.8556	2.6518	0
rbt-107-fresh-shift-18	runs/RBT-107/fresh/shift-18	599	conventional	60	15.337	108.00	1.760	0.000	1.6184	16103.2589	2.8236	0
rbt-107-fresh-shift-18	runs/RBT-107/fresh/shift-18	1199	holistic	60	15.309	48.38	0.789	0.811	1.2847	3444.8016	2.1286	0
rbt-107-fresh-shift-18	runs/RBT-107/fresh/shift-18	1199	conventional	60	15.337	108.00	1.760	0.000	1.8170	20231.0541	4.2611	0
rbt-107-fresh-shift-19	runs/RBT-107/fresh/shift-19	0	holistic	60	15.065	23.85	0.389	0.764	0.0508	753.5625	0.1728	0
rbt-107-fresh-shift-19	runs/RBT-107/fresh/shift-19	0	conventional	60	15.337	108.00	1.760	0.000	0.8500	18193.0637	2.1383	0
rbt-107-fresh-shift-19	runs/RBT-107/fresh/shift-19	59	holistic	60	15.340	70.67	1.152	0.991	1.1753	6762.9377	2.1959	0
rbt-107-fresh-shift-19	runs/RBT-107/fresh/shift-19	59	conventional	60	15.337	108.00	1.760	0.000	1.1523	16875.3773	2.9811	0
rbt-107-fresh-shift-19	runs/RBT-107/fresh/shift-19	299	holistic	60	15.340	73.04	1.190	0.972	1.2039	6053.0941	2.5269	0
rbt-107-fresh-shift-19	runs/RBT-107/fresh/shift-19	299	conventional	60	15.337	108.00	1.760	0.000	1.3207	17503.4670	2.9452	0
rbt-107-fresh-shift-19	runs/RBT-107/fresh/shift-19	599	holistic	60	15.340	89.27	1.455	0.957	1.2892	6247.9443	2.7158	0
rbt-107-fresh-shift-19	runs/RBT-107/fresh/shift-19	599	conventional	60	15.337	108.00	1.760	0.000	2.2162	17670.1075	2.3192	0
rbt-107-fresh-shift-19	runs/RBT-107/fresh/shift-19	1199	holistic	60	15.279	72.44	1.181	0.993	1.4142	5298.2757	2.8346	0
rbt-107-fresh-shift-19	runs/RBT-107/fresh/shift-19	1199	conventional	60	15.337	108.00	1.760	0.000	2.6191	21942.8021	2.2727	0
rbt-107-fresh-shift-20	runs/RBT-107/fresh/shift-20	0	holistic	60	15.145	23.44	0.383	0.713	0.1667	1183.7878	0.2911	0
rbt-107-fresh-shift-20	runs/RBT-107/fresh/shift-20	0	conventional	60	15.337	108.00	1.760	0.000	0.6500	19075.6630	3.0737	0
rbt-107-fresh-shift-20	runs/RBT-107/fresh/shift-20	59	holistic	60	15.340	68.10	1.110	0.842	0.8406	5157.5957	1.2275	0
rbt-107-fresh-shift-20	runs/RBT-107/fresh/shift-20	59	conventional	60	15.337	108.00	1.760	0.000	1.2025	16179.7348	2.0077	0
rbt-107-fresh-shift-20	runs/RBT-107/fresh/shift-20	299	holistic	60	15.309	59.34	0.967	0.923	1.0858	4307.2038	1.6677	0
rbt-107-fresh-shift-20	runs/RBT-107/fresh/shift-20	299	conventional	60	15.337	108.00	1.760	0.000	1.3522	18944.4470	2.0543	0
rbt-107-fresh-shift-20	runs/RBT-107/fresh/shift-20	599	holistic	60	15.339	74.99	1.222	0.816	1.4094	6829.0508	2.5929	0
rbt-107-fresh-shift-20	runs/RBT-107/fresh/shift-20	599	conventional	60	15.337	108.00	1.760	0.000	2.1842	20436.1828	3.0624	0
rbt-107-fresh-shift-20	runs/RBT-107/fresh/shift-20	1199	holistic	60	15.340	67.54	1.101	0.883	1.4119	5031.4110	1.4740	0
rbt-107-fresh-shift-20	runs/RBT-107/fresh/shift-20	1199	conventional	60	15.337	108.00	1.760	0.000	2.1220	21414.6912	1.7188	0
rbt-107-fresh-shift-21	runs/RBT-107/fresh/shift-21	0	holistic	60	15.135	19.62	0.321	0.671	0.0678	1098.3297	0.2152	0
rbt-107-fresh-shift-21	runs/RBT-107/fresh/shift-21	0	conventional	60	15.337	108.00	1.760	0.000	0.7368	18896.1901	1.9329	0
rbt-107-fresh-shift-21	runs/RBT-107/fresh/shift-21	59	holistic	60	15.340	92.87	1.514	0.996	0.7834	3433.7073	1.4013	0
rbt-107-fresh-shift-21	runs/RBT-107/fresh/shift-21	59	conventional	60	15.337	108.00	1.760	0.000	1.2700	18908.3542	2.5224	0
rbt-107-fresh-shift-21	runs/RBT-107/fresh/shift-21	299	holistic	60	15.340	69.51	1.133	0.991	1.2273	6052.8571	2.5187	0
rbt-107-fresh-shift-21	runs/RBT-107/fresh/shift-21	299	conventional	60	15.337	108.00	1.760	0.000	1.2883	17528.7601	2.4240	0
rbt-107-fresh-shift-21	runs/RBT-107/fresh/shift-21	599	holistic	60	15.340	77.93	1.270	0.999	1.4298	4500.6620	2.0721	0
rbt-107-fresh-shift-21	runs/RBT-107/fresh/shift-21	599	conventional	60	15.337	108.00	1.760	0.000	2.0308	19766.4797	4.3654	0
rbt-107-fresh-shift-21	runs/RBT-107/fresh/shift-21	1199	holistic	60	15.340	75.34	1.228	0.934	2.3585	3885.5563	1.7720	0
rbt-107-fresh-shift-21	runs/RBT-107/fresh/shift-21	1199	conventional	60	15.337	108.00	1.760	0.000	1.9805	17007.1523	3.1976	0
rbt-107-fresh-shift-22	runs/RBT-107/fresh/shift-22	0	holistic	60	15.156	21.55	0.351	0.793	0.2500	1298.8550	0.3400	0
rbt-107-fresh-shift-22	runs/RBT-107/fresh/shift-22	0	conventional	60	15.337	108.00	1.760	0.000	0.7119	18475.0666	3.5215	0
rbt-107-fresh-shift-22	runs/RBT-107/fresh/shift-22	59	holistic	60	15.287	49.05	0.801	0.978	0.9324	5052.2077	2.2416	0
rbt-107-fresh-shift-22	runs/RBT-107/fresh/shift-22	59	conventional	60	15.337	108.00	1.760	0.000	1.2817	16905.4701	2.1130	0
rbt-107-fresh-shift-22	runs/RBT-107/fresh/shift-22	299	holistic	60	15.340	51.87	0.845	0.978	1.4411	5210.1067	2.8526	0
rbt-107-fresh-shift-22	runs/RBT-107/fresh/shift-22	299	conventional	60	15.337	108.00	1.760	0.000	1.2517	18088.5288	2.1210	0
rbt-107-fresh-shift-22	runs/RBT-107/fresh/shift-22	599	holistic	60	15.323	54.41	0.888	0.950	1.3000	5673.7230	2.4406	0
rbt-107-fresh-shift-22	runs/RBT-107/fresh/shift-22	599	conventional	60	15.337	108.00	1.760	0.000	1.9551	20530.1612	3.0478	0
rbt-107-fresh-shift-22	runs/RBT-107/fresh/shift-22	1199	holistic	60	15.340	69.98	1.140	0.904	1.6329	7106.5008	2.3326	0
rbt-107-fresh-shift-22	runs/RBT-107/fresh/shift-22	1199	conventional	60	15.337	108.00	1.760	0.000	1.8563	18254.0372	3.4186	0
rbt-107-fresh-shift-23	runs/RBT-107/fresh/shift-23	0	holistic	60	15.107	19.55	0.319	0.549	0.0169	1000.5170	0.2282	0
rbt-107-fresh-shift-23	runs/RBT-107/fresh/shift-23	0	conventional	60	15.337	108.00	1.760	0.000	0.8333	19195.1623	3.4533	0
rbt-107-fresh-shift-23	runs/RBT-107/fresh/shift-23	59	holistic	60	15.340	40.87	0.666	1.000	1.0835	4630.5134	3.0271	0
rbt-107-fresh-shift-23	runs/RBT-107/fresh/shift-23	59	conventional	60	15.337	108.00	1.760	0.000	1.2196	18111.2106	2.7927	0
rbt-107-fresh-shift-23	runs/RBT-107/fresh/shift-23	299	holistic	60	15.293	54.59	0.892	0.996	1.2706	4983.6873	3.6205	0
rbt-107-fresh-shift-23	runs/RBT-107/fresh/shift-23	299	conventional	60	15.337	108.00	1.760	0.000	1.2890	17456.5571	2.3454	0
rbt-107-fresh-shift-23	runs/RBT-107/fresh/shift-23	599	holistic	60	15.340	33.25	0.542	0.985	1.3822	3680.0180	4.2916	0
rbt-107-fresh-shift-23	runs/RBT-107/fresh/shift-23	599	conventional	60	15.337	108.00	1.760	0.000	2.4406	20028.3438	2.6327	0
rbt-107-fresh-shift-23	runs/RBT-107/fresh/shift-23	1199	holistic	60	15.340	63.31	1.032	1.000	1.4996	4445.0938	2.6651	0
rbt-107-fresh-shift-23	runs/RBT-107/fresh/shift-23	1199	conventional	60	15.337	108.00	1.760	0.000	2.1281	15622.6937	2.9471	0
rbt-107-fresh-shift-24	runs/RBT-107/fresh/shift-24	0	holistic	60	15.077	26.30	0.429	0.757	0.0169	866.9451	0.1592	0
rbt-107-fresh-shift-24	runs/RBT-107/fresh/shift-24	0	conventional	60	15.337	108.00	1.760	0.000	0.3559	19705.3428	3.7401	0
rbt-107-fresh-shift-24	runs/RBT-107/fresh/shift-24	59	holistic	60	15.264	49.04	0.802	0.955	0.9247	2136.2706	2.0131	0
rbt-107-fresh-shift-24	runs/RBT-107/fresh/shift-24	59	conventional	60	15.337	108.00	1.760	0.000	1.3057	18020.8844	2.3062	0
rbt-107-fresh-shift-24	runs/RBT-107/fresh/shift-24	299	holistic	60	15.340	54.22	0.884	1.000	1.1454	4659.6374	2.0803	0
rbt-107-fresh-shift-24	runs/RBT-107/fresh/shift-24	299	conventional	60	15.337	108.00	1.760	0.000	1.5034	18573.4894	1.6415	0
rbt-107-fresh-shift-24	runs/RBT-107/fresh/shift-24	599	holistic	60	15.340	37.53	0.612	0.974	1.4462	3475.1432	2.3289	0
rbt-107-fresh-shift-24	runs/RBT-107/fresh/shift-24	599	conventional	60	15.337	108.00	1.760	0.000	2.2897	20035.6127	1.8794	0
rbt-107-fresh-shift-24	runs/RBT-107/fresh/shift-24	1199	holistic	60	15.340	42.41	0.691	0.941	1.4836	3241.1725	2.9363	0
rbt-107-fresh-shift-24	runs/RBT-107/fresh/shift-24	1199	conventional	60	15.337	108.00	1.760	0.000	2.2153	18587.7516	3.1005	0
rbt-107-fresh-shift-25	runs/RBT-107/fresh/shift-25	0	holistic	60	15.038	22.91	0.375	0.652	0.0500	1686.8036	0.2769	0
rbt-107-fresh-shift-25	runs/RBT-107/fresh/shift-25	0	conventional	60	15.337	108.00	1.760	0.000	0.9655	19729.5112	2.0974	0
rbt-107-fresh-shift-25	runs/RBT-107/fresh/shift-25	59	holistic	60	15.309	16.06	0.262	0.046	0.7340	1385.6265	1.2194	0
rbt-107-fresh-shift-25	runs/RBT-107/fresh/shift-25	59	conventional	60	15.337	108.00	1.760	0.000	1.3053	18061.4075	2.1409	0
rbt-107-fresh-shift-25	runs/RBT-107/fresh/shift-25	299	holistic	60	15.340	61.25	0.998	0.688	1.1829	3479.2608	1.5081	0
rbt-107-fresh-shift-25	runs/RBT-107/fresh/shift-25	299	conventional	60	15.337	108.00	1.760	0.000	1.3394	20198.7056	2.2320	0
rbt-107-fresh-shift-25	runs/RBT-107/fresh/shift-25	599	holistic	60	15.340	43.90	0.715	0.523	1.0292	1576.6684	0.8129	0
rbt-107-fresh-shift-25	runs/RBT-107/fresh/shift-25	599	conventional	60	15.337	108.00	1.760	0.000	2.0788	20680.6092	2.5365	0
rbt-107-fresh-shift-25	runs/RBT-107/fresh/shift-25	1199	holistic	60	15.340	39.09	0.637	0.320	1.4699	1060.0071	1.3813	0
rbt-107-fresh-shift-25	runs/RBT-107/fresh/shift-25	1199	conventional	60	15.337	108.00	1.760	0.000	2.0486	21250.8628	4.2251	0
rbt-107-fresh-shift-26	runs/RBT-107/fresh/shift-26	0	holistic	60	15.119	21.38	0.348	0.587	0.1017	806.3868	0.2484	0
rbt-107-fresh-shift-26	runs/RBT-107/fresh/shift-26	0	conventional	60	15.337	108.00	1.760	0.000	0.7500	19435.5421	1.8453	0
rbt-107-fresh-shift-26	runs/RBT-107/fresh/shift-26	59	holistic	60	15.339	42.85	0.698	0.994	1.4035	6944.3062	3.5115	0
rbt-107-fresh-shift-26	runs/RBT-107/fresh/shift-26	59	conventional	60	15.337	108.00	1.760	0.000	1.2618	17769.7654	1.8679	0
rbt-107-fresh-shift-26	runs/RBT-107/fresh/shift-26	299	holistic	60	15.309	44.78	0.730	0.942	1.4526	4856.4206	3.9735	0
rbt-107-fresh-shift-26	runs/RBT-107/fresh/shift-26	299	conventional	60	15.337	108.00	1.760	0.000	1.4588	17373.4649	1.9178	0
rbt-107-fresh-shift-26	runs/RBT-107/fresh/shift-26	599	holistic	60	15.340	54.49	0.888	0.972	1.2910	5621.3634	2.9662	0
rbt-107-fresh-shift-26	runs/RBT-107/fresh/shift-26	599	conventional	60	15.337	108.00	1.760	0.000	2.1094	18400.9633	2.5034	0
rbt-107-fresh-shift-26	runs/RBT-107/fresh/shift-26	1199	holistic	60	15.340	56.26	0.917	0.962	1.3193	4649.4779	3.0257	0
rbt-107-fresh-shift-26	runs/RBT-107/fresh/shift-26	1199	conventional	60	15.337	108.00	1.760	0.000	2.1469	19163.3344	2.0623	0
rbt-107-fresh-shift-27	runs/RBT-107/fresh/shift-27	0	holistic	58	15.011	17.52	0.285	0.682	0.0000	966.9222	0.1538	0
rbt-107-fresh-shift-27	runs/RBT-107/fresh/shift-27	0	conventional	60	15.337	108.00	1.760	0.000	0.6034	19468.8456	3.0093	0
rbt-107-fresh-shift-27	runs/RBT-107/fresh/shift-27	59	holistic	60	15.330	89.94	1.466	0.878	1.0406	7132.8289	1.3312	0
rbt-107-fresh-shift-27	runs/RBT-107/fresh/shift-27	59	conventional	60	15.337	108.00	1.760	0.000	1.1774	17987.2873	2.1372	0
rbt-107-fresh-shift-27	runs/RBT-107/fresh/shift-27	299	holistic	60	15.340	110.19	1.796	0.975	1.1397	7010.6864	1.5618	0
rbt-107-fresh-shift-27	runs/RBT-107/fresh/shift-27	299	conventional	60	15.337	108.00	1.760	0.000	1.5159	19362.1791	1.7305	0
rbt-107-fresh-shift-27	runs/RBT-107/fresh/shift-27	599	holistic	60	15.340	105.24	1.715	0.987	1.5241	8179.9549	2.3139	0
rbt-107-fresh-shift-27	runs/RBT-107/fresh/shift-27	599	conventional	60	15.337	108.00	1.760	0.000	2.3645	19586.3942	1.8271	0
rbt-107-fresh-shift-27	runs/RBT-107/fresh/shift-27	1199	holistic	60	15.309	100.36	1.636	0.967	1.3373	4828.6730	1.6385	0
rbt-107-fresh-shift-27	runs/RBT-107/fresh/shift-27	1199	conventional	60	15.337	108.00	1.760	0.000	2.4353	20743.7324	1.7183	0
rbt-107-fresh-shift-28	runs/RBT-107/fresh/shift-28	0	holistic	60	14.997	18.01	0.294	0.624	0.0167	614.6734	0.1149	0
rbt-107-fresh-shift-28	runs/RBT-107/fresh/shift-28	0	conventional	60	15.337	108.00	1.760	0.000	1.1724	18063.1691	2.4739	0
rbt-107-fresh-shift-28	runs/RBT-107/fresh/shift-28	59	holistic	60	15.340	42.97	0.700	0.981	0.9882	6737.0329	1.1193	0
rbt-107-fresh-shift-28	runs/RBT-107/fresh/shift-28	59	conventional	60	15.337	108.00	1.760	0.000	1.2513	16796.5153	1.9184	0
rbt-107-fresh-shift-28	runs/RBT-107/fresh/shift-28	299	holistic	60	15.340	70.79	1.154	0.978	1.1939	7197.4939	1.7632	0
rbt-107-fresh-shift-28	runs/RBT-107/fresh/shift-28	299	conventional	60	15.337	108.00	1.760	0.000	1.2597	19689.7786	2.0747	0
rbt-107-fresh-shift-28	runs/RBT-107/fresh/shift-28	599	holistic	60	15.340	43.88	0.715	0.977	1.3319	4315.5355	2.5683	0
rbt-107-fresh-shift-28	runs/RBT-107/fresh/shift-28	599	conventional	60	15.337	108.00	1.760	0.000	2.3336	21720.8680	3.9640	0
rbt-107-fresh-shift-28	runs/RBT-107/fresh/shift-28	1199	holistic	60	15.309	37.68	0.614	0.972	1.0663	4626.9196	2.7945	0
rbt-107-fresh-shift-28	runs/RBT-107/fresh/shift-28	1199	conventional	60	15.337	108.00	1.760	0.000	2.8092	22759.6514	2.1820	0
rbt-107-fresh-shift-29	runs/RBT-107/fresh/shift-29	0	holistic	60	15.229	19.35	0.315	0.607	0.0169	561.2658	0.1304	0
rbt-107-fresh-shift-29	runs/RBT-107/fresh/shift-29	0	conventional	60	15.337	108.00	1.760	0.000	0.4407	19211.6109	2.6753	0
rbt-107-fresh-shift-29	runs/RBT-107/fresh/shift-29	59	holistic	0								0
rbt-107-fresh-shift-29	runs/RBT-107/fresh/shift-29	59	conventional	60	15.337	108.00	1.760	0.000	1.3389	16692.1545	2.2643	0
rbt-107-fresh-shift-29	runs/RBT-107/fresh/shift-29	299	holistic	0								0
rbt-107-fresh-shift-29	runs/RBT-107/fresh/shift-29	299	conventional	60	15.337	108.00	1.760	0.000	1.2581	17842.1103	2.0649	0
rbt-107-fresh-shift-29	runs/RBT-107/fresh/shift-29	599	holistic	0								0
rbt-107-fresh-shift-29	runs/RBT-107/fresh/shift-29	599	conventional	60	15.337	108.00	1.760	0.000	2.2615	18084.9990	2.6293	0
rbt-107-fresh-shift-29	runs/RBT-107/fresh/shift-29	1199	holistic	0								0
rbt-107-fresh-shift-29	runs/RBT-107/fresh/shift-29	1199	conventional	60	15.337	108.00	1.760	0.000	1.7653	15687.7947	3.8271	0
rbt-107-fresh-shift-30	runs/RBT-107/fresh/shift-30	0	holistic	60	15.094	16.40	0.267	0.437	0.0500	533.4680	0.1850	0
rbt-107-fresh-shift-30	runs/RBT-107/fresh/shift-30	0	conventional	60	15.337	108.00	1.760	0.000	0.6316	19674.7291	4.2974	0
rbt-107-fresh-shift-30	runs/RBT-107/fresh/shift-30	59	holistic	60	15.340	50.47	0.823	0.895	1.0151	4987.4715	1.5363	0
rbt-107-fresh-shift-30	runs/RBT-107/fresh/shift-30	59	conventional	60	15.337	108.00	1.760	0.000	1.2945	17959.8774	2.9481	0
rbt-107-fresh-shift-30	runs/RBT-107/fresh/shift-30	299	holistic	60	15.309	60.10	0.979	0.984	1.1617	5759.8774	1.4420	0
rbt-107-fresh-shift-30	runs/RBT-107/fresh/shift-30	299	conventional	60	15.337	108.00	1.760	0.000	1.3209	18311.1069	1.7666	0
rbt-107-fresh-shift-30	runs/RBT-107/fresh/shift-30	599	holistic	60	15.340	44.92	0.732	0.962	1.4466	4419.4613	2.4432	0
rbt-107-fresh-shift-30	runs/RBT-107/fresh/shift-30	599	conventional	60	15.337	108.00	1.760	0.000	2.2056	18861.2083	3.2753	0
rbt-107-fresh-shift-30	runs/RBT-107/fresh/shift-30	1199	holistic	60	15.340	88.43	1.441	0.980	1.7547	8166.7754	1.5376	0
rbt-107-fresh-shift-30	runs/RBT-107/fresh/shift-30	1199	conventional	60	15.337	108.00	1.760	0.000	2.2073	21604.9544	2.1860	0
