run	ticket	seasons	last_season	config	seed	challenge	capacity	living_cost	patches	regrow_delay	items	terrain	shift	cull	breed_stream	merge_after	planted_h	planted_c	h_start	h_end	h_min	h_mean	h_extinct	h_under10	h_at_cap	h_score_all	h_score_last100	c_start	c_end	c_min	c_mean	c_extinct	c_under10	c_at_cap	c_score_all	c_score_last100	h_frac_mean	h_frac_end	dup_of
runs/RBT-100/cull-1	RBT-100	600	599	yes	1	foraging	60	0.25	0	0.0	12	random		holistic=5,conventional=7@382					60	60	16	59.1			0.967	1.0496	1.2075	60	60	60	60.0			1.0	0.7875	0.8218	0.495	0.5	
runs/RBT-100/cull-2	RBT-100	600	599	yes	2	foraging	60	0.25	0	0.0	12	random		holistic=0,conventional=11@382					60	60	19	59.2			0.968	0.9257	1.0297	60	60	60	60.0			1.0	0.8491	0.9236	0.495	0.5	
runs/RBT-100/cull-3	RBT-100	600	599	yes	3	foraging	60	0.25	0	0.0	12	random		holistic=10,conventional=29@352					60	60	30	59.6			0.983	0.971	1.0288	60	60	54	60.0			0.998	0.7969	0.847	0.498	0.5	
runs/RBT-100/cull-4	RBT-100	600	599	yes	4	foraging	60	0.25	0	0.0	12	random		holistic=0,conventional=11@355					60	60	30	59.9			0.99	0.9869	1.0967	60	60	59	60.0			0.998	0.8473	0.8463	0.499	0.5	
runs/RBT-100/cull-7	RBT-100	600	599	yes	7	foraging	60	0.25	0	0.0	12	random		holistic=5,conventional=7@354					60	60	25	59.5			0.982	1.0715	1.3933	60	60	60	60.0			1.0	0.8119	0.8152	0.497	0.5	
runs/RBT-100/cull-801	RBT-100	600	599	yes	801	foraging	60	0.25	0	0.0	12	random		holistic=12,conventional=15@361					60	60	16	58.8			0.958	0.7996	0.8412	60	60	60	60.0			1.0	0.8446	0.9223	0.493	0.5	
runs/RBT-100/cull-804	RBT-100	600	599	yes	804	foraging	60	0.25	0	0.0	12	random		holistic=6,conventional=10@358					60	60	33	59.9			0.993	1.0435	1.1941	60	60	60	60.0			1.0	0.8577	1.0525	0.5	0.5	
runs/RBT-100/cull-805	RBT-100	600	599	yes	805	foraging	60	0.25	0	0.0	12	random		holistic=0,conventional=12@359					59	60	28	59.8			0.985	1.019	1.0668	60	60	60	60.0			1.0	0.8192	0.7836	0.499	0.5	
runs/RBT-100/cull-806	RBT-100	600	599	yes	806	foraging	60	0.25	0	0.0	12	random		holistic=4,conventional=19@365					60	60	22	59.1			0.965	0.8936	1.0151	60	60	60	60.0			1.0	0.8693	1.0019	0.495	0.5	
runs/RBT-100/cull-807	RBT-100	600	599	yes	807	foraging	60	0.25	0	0.0	12	random		holistic=4,conventional=10@360					60	60	22	59.7			0.988	0.9173	0.9908	60	60	60	60.0			1.0	0.8495	0.8991	0.499	0.5	
runs/RBT-100/founders6-1	RBT-100	60	59	yes	1	foraging	60	0.25	0	0.0	6	random							60	60	4	30.7		11	0.167	0.2721	0.2721	60	0	0	10.5	43	15	0.05	0.2658	0.2658	0.753	1.0	
runs/RBT-100/founders6-2	RBT-100	60	59	yes	2	foraging	60	0.25	0	0.0	6	random							60	0	0	11.9	54	11	0.1	0.2995	0.2995	60	2	2	17.6		30	0.083	0.3029	0.3029	0.24	0.0	
runs/RBT-100/founders6-3	RBT-100	60	59	yes	3	foraging	60	0.25	0	0.0	6	random							60	0	0	12.0	46	13	0.083	0.2249	0.2249	60	4	1	17.2		26	0.05	0.3289	0.3289	0.196	0.0	
runs/RBT-100/founders6-4	RBT-100	60	59	yes	4	foraging	60	0.25	0	0.0	6	random							60	60	11	51.1			0.633	0.4626	0.4626	60	0	0	9.9	26	18	0.067	0.2352	0.2352	0.85	1.0	
runs/RBT-100/founders6-7	RBT-100	60	59	yes	7	foraging	60	0.25	0	0.0	6	random							58	8	1	13.8		11	0.033	0.2482	0.2482	60	4	3	13.4		15	0.067	0.3242	0.3242	0.416	0.667	
runs/RBT-100/founders6-801	RBT-100	37	36	yes	801	foraging	60	0.25	0	0.0	6	random							60	0	0	16.2	16	11	0.054	0.0486	0.0486	60	0	0	16.3	36	18	0.054	0.2736	0.2736	0.198	0.0	
runs/RBT-100/founders6-804	RBT-100	60	59	yes	804	foraging	60	0.25	0	0.0	6	random							59	60	13	45.4			0.483	0.3408	0.3408	60	0	0	6.7	34	8	0.033	0.207	0.207	0.882	1.0	
runs/RBT-100/founders6-805	RBT-100	32	31	yes	805	foraging	60	0.25	0	0.0	6	random							59	0	0	21.0	31	11	0.031	0.1698	0.1698	60	0	0	15.7	31	13	0.125	0.1683	0.1683	0.519	0.0	
runs/RBT-100/founders6-806	RBT-100	60	59	yes	806	foraging	60	0.25	0	0.0	6	random							60	0	0	12.1	49	11	0.05	0.2131	0.2131	60	7	5	14.9		29	0.05	0.2984	0.2984	0.256	0.0	
runs/RBT-100/founders6-807	RBT-100	60	59	yes	807	foraging	60	0.25	0	0.0	6	random							60	0	0	11.5	51	11	0.05	0.1588	0.1588	60	2	1	11.6		15	0.033	0.3136	0.3136	0.269	0.0	
runs/RBT-100/shift-1	RBT-100	600	599	yes	1	foraging	60	0.25	0	0.0	12	random	food-items=6@382						60	60	16	59.1			0.967	0.8513	0.6856	60	0	0	44.8	528	478	0.697	0.6684	0.4541	0.612	1.0	
runs/RBT-100/shift-2	RBT-100	600	599	yes	2	foraging	60	0.25	0	0.0	12	random	food-items=6@382						60	60	19	59.2			0.968	0.7854	0.6511	60	60	3	48.1		437	0.715	0.6753	0.4064	0.58	0.5	
runs/RBT-100/shift-3	RBT-100	600	599	yes	3	foraging	60	0.25	0	0.0	12	random	food-items=6@352						60	60	30	59.6			0.983	0.8041	0.618	60	0	0	39.5	457	405	0.637	0.6814		0.663	1.0	
runs/RBT-100/shift-4	RBT-100	600	599	yes	4	foraging	60	0.25	0	0.0	12	random	food-items=6@355						60	60	30	59.9			0.99	0.797	0.5908	60	26	7	46.5		489	0.668	0.6466	0.3489	0.588	0.698	
runs/RBT-100/shift-7	RBT-100	600	599	yes	7	foraging	60	0.25	0	0.0	12	random	food-items=6@354						60	60	25	59.5			0.982	0.8154	0.6048	60	60	52	59.9			0.97	0.646	0.3725	0.498	0.5	
runs/RBT-100/shift-801	RBT-100	600	599	yes	801	foraging	60	0.25	0	0.0	12	random	food-items=6@361						60	60	16	58.8			0.958	0.6763	0.559	60	0	0	44.0	507	468	0.683	0.6829	0.3371	0.617	1.0	
runs/RBT-100/shift-804	RBT-100	600	599	yes	804	foraging	60	0.25	0	0.0	12	random	food-items=6@358						60	60	33	59.9			0.993	0.8528	0.7103	60	60	31	58.2			0.858	0.6219	0.4489	0.509	0.5	
runs/RBT-100/shift-805	RBT-100	600	599	yes	805	foraging	60	0.25	0	0.0	12	random	food-items=6@359						59	60	28	59.8			0.985	0.8484	0.6453	60	0	0	41.1	475	417	0.66	0.708		0.65	1.0	
runs/RBT-100/shift-806	RBT-100	600	599	yes	806	foraging	60	0.25	0	0.0	12	random	food-items=6@365						60	60	22	59.1			0.965	0.7431	0.6015	60	0	0	41.3	443	419	0.672	0.7413		0.648	1.0	
runs/RBT-100/shift-807	RBT-100	600	599	yes	807	foraging	60	0.25	0	0.0	12	random	food-items=6@360						60	60	22	59.7			0.988	0.7438	0.5426	60	60	25	59.1			0.958	0.6841	0.4878	0.503	0.5	
runs/RBT-101/cull-1	RBT-101	600	599	yes	1	foraging	60	0.25	0	0.0	12	random		holistic=3,conventional=0@382					60	60	16	59.1			0.967	1.0374	1.194	60	60	60	60.0			1.0	0.7615	0.7531	0.495	0.5	
runs/RBT-101/cull-2	RBT-101	600	599	yes	2	foraging	60	0.25	0	0.0	12	random		holistic=0,conventional=2@382					60	60	19	59.2			0.968	0.9257	1.0297	60	60	60	60.0			1.0	0.8509	0.9001	0.495	0.5	
runs/RBT-101/cull-4	RBT-101	600	599	yes	4	foraging	60	0.25	0	0.0	12	random		holistic=1,conventional=0@355					60	60	30	59.9			0.99	0.9408	1.007	60	60	59	60.0			0.998	0.8571	0.9177	0.499	0.5	
runs/RBT-101/cull-801	RBT-101	600	599	yes	801	foraging	60	0.25	0	0.0	12	random		holistic=3,conventional=0@361					60	60	16	58.8			0.958	0.8437	0.9561	60	60	60	60.0			1.0	0.8491	0.9804	0.493	0.5	
runs/RBT-101/shift-1	RBT-101	600	599	yes	1	foraging	60	0.25	0	0.0	12	random	terrain=flat@382						60	60	16	59.1			0.967	1.1518	1.6841	60	60	60	60.0			1.0	0.9799	1.3758	0.495	0.5	
runs/RBT-101/shift-2	RBT-101	600	599	yes	2	foraging	60	0.25	0	0.0	12	random	terrain=flat@382						60	60	19	59.2			0.968	1.0328	1.3043	60	60	60	60.0			1.0	1.0648	1.5397	0.495	0.5	
runs/RBT-101/shift-3	RBT-101	600	599	yes	3	foraging	60	0.25	0	0.0	12	random	terrain=flat@352						60	60	30	59.6			0.983	1.005	1.0051	60	60	60	60.0			1.0	0.992	1.3438	0.498	0.5	
runs/RBT-101/shift-4	RBT-101	600	599	yes	4	foraging	60	0.25	0	0.0	12	random	terrain=flat@355						60	60	30	59.9			0.99	0.9988	1.1786	60	60	59	60.0			0.998	1.0855	1.582	0.499	0.5	
runs/RBT-101/shift-7	RBT-101	600	599	yes	7	foraging	60	0.25	0	0.0	12	random	terrain=flat@354						60	60	25	59.5			0.982	1.0621	1.2337	60	60	60	60.0			1.0	1.0157	1.214	0.497	0.5	
runs/RBT-101/shift-801	RBT-101	600	599	yes	801	foraging	60	0.25	0	0.0	12	random	terrain=flat@361						60	60	16	58.8			0.958	0.906	1.214	60	60	60	60.0			1.0	1.0249	1.3188	0.493	0.5	
runs/RBT-101/shift-804	RBT-101	600	599	yes	804	foraging	60	0.25	0	0.0	12	random	terrain=flat@358						60	60	33	59.9			0.993	1.0737	1.2145	60	60	60	60.0			1.0	1.0872	1.7842	0.5	0.5	
runs/RBT-101/shift-805	RBT-101	600	599	yes	805	foraging	60	0.25	0	0.0	12	random	terrain=flat@359						59	60	28	59.8			0.985	1.0369	1.0939	60	60	60	60.0			1.0	1.1208	1.5687	0.499	0.5	
runs/RBT-101/shift-806	RBT-101	600	599	yes	806	foraging	60	0.25	0	0.0	12	random	terrain=flat@365						60	60	22	59.1			0.965	0.927	1.0696	60	60	60	60.0			1.0	1.1841	1.8407	0.495	0.5	
runs/RBT-101/shift-807	RBT-101	600	599	yes	807	foraging	60	0.25	0	0.0	12	random	terrain=flat@360						60	60	22	59.7			0.988	0.9851	1.1606	60	60	60	60.0			1.0	1.1582	1.7357	0.499	0.5	
runs/RBT-104/S1-1	RBT-104	600	599	yes	1	foraging	60	0.25	0	0.0	12	random						yes	60	60	16	59.1			0.967	0.9904	1.0126	60	60	60	60.0			1.0	0.7952	0.7932	0.495	0.5	
runs/RBT-104/S1-2	RBT-104	600	599	yes	2	foraging	60	0.25	0	0.0	12	random						yes	60	60	19	59.2			0.968	0.9257	1.0297	60	60	60	60.0			1.0	0.8423	0.853	0.495	0.5	
runs/RBT-104/S1-3	RBT-104	600	599	yes	3	foraging	60	0.25	0	0.0	12	random						yes	60	60	30	59.6			0.983	0.9792	1.0192	60	60	60	60.0			1.0	0.8495	0.8189	0.498	0.5	
runs/RBT-104/S1-4	RBT-104	600	599	yes	4	foraging	60	0.25	0	0.0	12	random						yes	60	60	30	59.9			0.99	0.9869	1.0967	60	60	60	60.0			1.0	0.9678	0.994	0.499	0.5	
runs/RBT-104/S1-7	RBT-104	600	599	yes	7	foraging	60	0.25	0	0.0	12	random						yes	60	60	25	59.5			0.982	1.0269	1.1327	60	60	60	60.0			1.0	0.8406	0.8112	0.497	0.5	
runs/RBT-104/S1-801	RBT-104	600	599	yes	801	foraging	60	0.25	0	0.0	12	random						yes	60	60	16	58.8			0.958	0.8397	0.9428	60	60	60	60.0			1.0	0.8665	0.9215	0.493	0.5	
runs/RBT-104/S1-804	RBT-104	600	599	yes	804	foraging	60	0.25	0	0.0	12	random						yes	60	60	33	59.9			0.993	0.992	0.9827	60	60	60	60.0			1.0	0.8606	0.8716	0.5	0.5	
runs/RBT-104/S1-805	RBT-104	600	599	yes	805	foraging	60	0.25	0	0.0	12	random						yes	59	60	28	59.8			0.985	1.019	1.0668	60	60	60	60.0			1.0	0.8888	0.9868	0.499	0.5	
runs/RBT-104/S1-806	RBT-104	600	599	yes	806	foraging	60	0.25	0	0.0	12	random						yes	60	60	22	59.1			0.965	0.8611	0.9555	60	60	60	60.0			1.0	0.7879	0.8445	0.495	0.5	
runs/RBT-104/S1-807	RBT-104	600	599	yes	807	foraging	60	0.25	0	0.0	12	random						yes	60	60	22	59.7			0.988	0.9488	1.1554	60	60	60	60.0			1.0	0.862	0.8662	0.499	0.5	
runs/RBT-104/S8-1	RBT-104	600	599	yes	1	foraging	60	0.25	0	0.0	12	random						yes	60	60	16	59.1			0.967	0.9904	1.0126	60	60	55	60.0			0.997	0.8988	0.9093	0.495	0.5	
runs/RBT-104/S8-2	RBT-104	600	599	yes	2	foraging	60	0.25	0	0.0	12	random						yes	60	60	19	59.2			0.968	0.9257	1.0297	60	60	60	60.0			1.0	0.8626	0.9883	0.495	0.5	
runs/RBT-104/S8-3	RBT-104	600	599	yes	3	foraging	60	0.25	0	0.0	12	random						yes	60	60	30	59.6			0.983	0.9792	1.0192	60	60	60	60.0			1.0	0.8757	0.9224	0.498	0.5	
runs/RBT-104/S8-4	RBT-104	600	599	yes	4	foraging	60	0.25	0	0.0	12	random						yes	60	60	30	59.9			0.99	0.9869	1.0967	60	60	60	60.0			1.0	0.9296	1.0182	0.499	0.5	
runs/RBT-104/S8-7	RBT-104	600	599	yes	7	foraging	60	0.25	0	0.0	12	random						yes	60	60	25	59.5			0.982	1.0269	1.1327	60	60	52	60.0			0.997	0.9493	1.1092	0.497	0.5	
runs/RBT-104/S8-801	RBT-104	600	599	yes	801	foraging	60	0.25	0	0.0	12	random						yes	60	60	16	58.8			0.958	0.8397	0.9428	60	60	39	59.8			0.975	0.8271	0.8724	0.494	0.5	
runs/RBT-104/S8-804	RBT-104	600	599	yes	804	foraging	60	0.25	0	0.0	12	random						yes	60	60	33	59.9			0.993	0.992	0.9827	60	60	31	59.4			0.968	0.9098	0.9971	0.502	0.5	
runs/RBT-104/S8-805	RBT-104	600	599	yes	805	foraging	60	0.25	0	0.0	12	random						yes	59	60	28	59.8			0.985	1.019	1.0668	60	60	60	60.0			1.0	0.8223	0.854	0.499	0.5	
runs/RBT-104/S8-806	RBT-104	600	599	yes	806	foraging	60	0.25	0	0.0	12	random						yes	60	60	22	59.1			0.965	0.8611	0.9555	60	60	51	60.0			0.995	0.9589	0.9524	0.495	0.5	
runs/RBT-104/S8-807	RBT-104	600	599	yes	807	foraging	60	0.25	0	0.0	12	random						yes	60	60	22	59.7			0.988	0.9488	1.1554	60	60	56	60.0			0.998	0.9462	0.9875	0.499	0.5	
runs/RBT-105/forage-1-b1	RBT-105	600	599	yes	1	foraging	60	0.25	0	0.0	12	random			1				60	60	18	59.3			0.97	0.8945	0.9891	60	60	60	60.0			1.0	0.7615	0.7531	0.496	0.5	
runs/RBT-105/forage-1-b2	RBT-105	600	599	yes	1	foraging	60	0.25	0	0.0	12	random			2				60	60	19	59.1			0.962	0.8817	0.9869	60	60	60	60.0			1.0	0.7615	0.7531	0.495	0.5	
runs/RBT-105/forage-2-b1	RBT-105	600	599	yes	2	foraging	60	0.25	0	0.0	12	random			1				60	60	24	59.6			0.982	0.9969	1.2963	60	60	60	60.0			1.0	0.8771	1.0096	0.498	0.5	
runs/RBT-105/forage-2-b2	RBT-105	600	599	yes	2	foraging	60	0.25	0	0.0	12	random			2				60	60	23	59.5			0.977	0.8458	1.0551	60	60	60	60.0			1.0	0.8771	1.0096	0.497	0.5	
runs/RBT-105/forage-4-b1	RBT-105	600	599	yes	4	foraging	60	0.25	0	0.0	12	random			1				60	60	30	59.8			0.988	0.9777	1.1378	60	60	59	60.0			0.998	0.8571	0.9177	0.499	0.5	
runs/RBT-105/forage-4-b2	RBT-105	600	599	yes	4	foraging	60	0.25	0	0.0	12	random			2				60	60	31	59.9			0.992	0.881	0.9503	60	60	59	60.0			0.998	0.8571	0.9177	0.499	0.5	
runs/RBT-105/forage-7-b0	RBT-105	600	599	yes	7	foraging	60	0.25	0	0.0	12	random							60	60	25	59.5			0.982	1.0269	1.1327	60	60	60	60.0			1.0	0.8271	0.8822	0.497	0.5	
runs/RBT-105/forage-7-b1	RBT-105	600	599	yes	7	foraging	60	0.25	0	0.0	12	random			1				60	60	32	59.8			0.988	0.9577	1.1522	60	60	60	60.0			1.0	0.8271	0.8822	0.499	0.5	
runs/RBT-105/forage-7-b2	RBT-105	600	599	yes	7	foraging	60	0.25	0	0.0	12	random			2				60	60	25	59.6			0.978	0.867	1.0571	60	60	60	60.0			1.0	0.8271	0.8822	0.498	0.5	
runs/RBT-105/forage-804-b1	RBT-105	600	599	yes	804	foraging	60	0.25	0	0.0	12	random			1				60	60	34	59.9			0.993	0.9854	0.9887	60	60	60	60.0			1.0	0.8194	0.9266	0.499	0.5	
runs/RBT-105/forage-804-b2	RBT-105	600	599	yes	804	foraging	60	0.25	0	0.0	12	random			2				60	60	36	59.9			0.995	1.0059	1.0161	60	60	60	60.0			1.0	0.8194	0.9266	0.5	0.5	
runs/RBT-105/forage-805-b1	RBT-105	600	599	yes	805	foraging	60	0.25	0	0.0	12	random			1				60	60	29	59.8			0.987	0.9904	1.0428	60	60	60	60.0			1.0	0.8304	0.8289	0.499	0.5	
runs/RBT-105/forage-805-b2	RBT-105	600	599	yes	805	foraging	60	0.25	0	0.0	12	random			2				60	60	26	59.7			0.983	0.9025	0.9412	60	60	60	60.0			1.0	0.8304	0.8289	0.498	0.5	
runs/RBT-105/forage-806-b1	RBT-105	600	599	yes	806	foraging	60	0.25	0	0.0	12	random			1				60	60	8	56.9		15	0.92	0.9263	1.0777	60	60	60	60.0			1.0	0.8674	1.0375	0.479	0.5	
runs/RBT-105/forage-806-b2	RBT-105	600	599	yes	806	foraging	60	0.25	0	0.0	12	random			2				60	60	13	57.8			0.93	0.9515	1.0733	60	60	60	60.0			1.0	0.8674	1.0375	0.486	0.5	
runs/RBT-105/forage-807-b1	RBT-105	600	599	yes	807	foraging	60	0.25	0	0.0	12	random			1				60	60	30	59.9			0.992	0.9695	1.1184	60	60	60	60.0			1.0	0.8856	1.0428	0.499	0.5	
runs/RBT-105/forage-807-b2	RBT-105	600	599	yes	807	foraging	60	0.25	0	0.0	12	random			2				60	60	19	59.6			0.985	0.8906	1.0386	60	60	60	60.0			1.0	0.8856	1.0428	0.498	0.5	
runs/RBT-106/HP-1	RBT-106	600	599	yes	1	foraging	60	0.25	3	0.0	12	random						yes	60	60	10	58.9			0.96	1.2542	1.5436	60	60	60	60.0			1.0	3.1923	3.0703	0.493	0.5	
runs/RBT-106/HP-2	RBT-106	600	599	yes	2	foraging	60	0.25	3	0.0	12	random						yes	60	60	1	57.2		15	0.935	1.5477	2.0379	60	60	60	60.0			1.0	2.8743	2.8118	0.48	0.5	
runs/RBT-106/HP-3	RBT-106	600	599	yes	3	foraging	60	0.25	3	0.0	12	random						yes	60	60	36	59.8			0.985	1.2567	1.3384	60	60	60	60.0			1.0	2.9833	3.4174	0.499	0.5	
runs/RBT-106/HP-4	RBT-106	600	599	yes	4	foraging	60	0.25	3	0.0	12	random						yes	60	60	27	59.9			0.99	1.0901	1.3986	60	60	60	60.0			1.0	3.1895	2.4722	0.499	0.5	
runs/RBT-106/HP-7	RBT-106	600	599	yes	7	foraging	60	0.25	3	0.0	12	random						yes	60	60	35	59.9			0.99	1.1968	1.2954	60	60	60	60.0			1.0	2.6822	2.886	0.499	0.5	
runs/RBT-106/HP-801	RBT-106	600	599	yes	801	foraging	60	0.25	3	0.0	12	random						yes	60	60	19	59.4			0.977	1.1264	1.5076	60	60	60	60.0			1.0	2.1961	1.8933	0.497	0.5	
runs/RBT-106/HP-804	RBT-106	600	599	yes	804	foraging	60	0.25	3	0.0	12	random						yes	59	60	21	59.6			0.972	1.1596	1.2534	60	60	57	60.0			0.998	2.7583	3.4401	0.498	0.5	
runs/RBT-106/HP-805	RBT-106	600	599	yes	805	foraging	60	0.25	3	0.0	12	random						yes	59	60	13	58.7			0.955	1.064	1.4923	60	60	60	60.0			1.0	2.177	2.274	0.492	0.5	
runs/RBT-106/HP-806	RBT-106	600	599	yes	806	foraging	60	0.25	3	0.0	12	random						yes	59	60	5	53.5		16	0.835	1.0897	1.6436	60	60	60	60.0			1.0	2.5627	2.5128	0.455	0.5	
runs/RBT-106/HP-807	RBT-106	600	599	yes	807	foraging	60	0.25	3	0.0	12	random						yes	60	60	18	59.5			0.982	1.008	1.1592	60	60	60	60.0			1.0	2.2702	1.8738	0.497	0.5	
runs/RBT-106/HU-1	RBT-106	600	599	yes	1	foraging	60	0.25	0	0.0	12	random						yes	60	60	16	59.1			0.967	0.9904	1.0126	60	60	60	60.0			1.0	0.9403	0.9449	0.495	0.5	
runs/RBT-106/HU-2	RBT-106	600	599	yes	2	foraging	60	0.25	0	0.0	12	random						yes	60	60	19	59.2			0.968	0.9257	1.0297	60	60	60	60.0			1.0	0.8899	1.0017	0.495	0.5	
runs/RBT-106/HU-3	RBT-106	600	599	yes	3	foraging	60	0.25	0	0.0	12	random						yes	60	60	30	59.6			0.983	0.9792	1.0192	60	60	60	60.0			1.0	0.8293	0.8196	0.498	0.5	
runs/RBT-106/HU-4	RBT-106	600	599	yes	4	foraging	60	0.25	0	0.0	12	random						yes	60	60	30	59.9			0.99	0.9869	1.0967	60	60	60	60.0			1.0	1.007	0.9589	0.499	0.5	
runs/RBT-106/HU-7	RBT-106	600	599	yes	7	foraging	60	0.25	0	0.0	12	random						yes	60	60	25	59.5			0.982	1.0269	1.1327	60	60	60	60.0			1.0	0.9833	0.9328	0.497	0.5	
runs/RBT-106/HU-801	RBT-106	600	599	yes	801	foraging	60	0.25	0	0.0	12	random						yes	60	60	16	58.8			0.958	0.8397	0.9428	60	60	60	60.0			1.0	1.0513	0.8963	0.493	0.5	
runs/RBT-106/HU-804	RBT-106	600	599	yes	804	foraging	60	0.25	0	0.0	12	random						yes	60	60	33	59.9			0.993	0.992	0.9827	60	60	60	60.0			1.0	0.933	0.8397	0.5	0.5	
runs/RBT-106/HU-805	RBT-106	600	599	yes	805	foraging	60	0.25	0	0.0	12	random						yes	59	60	28	59.8			0.985	1.019	1.0668	60	60	60	60.0			1.0	0.9556	0.899	0.499	0.5	
runs/RBT-106/HU-806	RBT-106	600	599	yes	806	foraging	60	0.25	0	0.0	12	random						yes	60	60	22	59.1			0.965	0.8611	0.9555	60	60	60	60.0			1.0	0.9496	0.9701	0.495	0.5	
runs/RBT-106/HU-807	RBT-106	600	599	yes	807	foraging	60	0.25	0	0.0	12	random						yes	60	60	22	59.7			0.988	0.9488	1.1554	60	60	60	60.0			1.0	0.8857	0.8706	0.499	0.5	
runs/RBT-106/P1-1	RBT-106	600	599	yes	1	foraging	60	0.25	3	0.0	12	random						yes	60	60	10	58.9			0.96	1.2542	1.5436	60	60	60	60.0			1.0	1.1923	1.2325	0.493	0.5	
runs/RBT-106/P1-2	RBT-106	600	599	yes	2	foraging	60	0.25	3	0.0	12	random						yes	60	60	1	57.2		15	0.935	1.5477	2.0379	60	60	60	60.0			1.0	1.1638	1.1668	0.48	0.5	
runs/RBT-106/P1-3	RBT-106	600	599	yes	3	foraging	60	0.25	3	0.0	12	random						yes	60	60	36	59.8			0.985	1.2567	1.3384	60	60	60	60.0			1.0	1.1435	1.1699	0.499	0.5	
runs/RBT-106/P1-4	RBT-106	600	599	yes	4	foraging	60	0.25	3	0.0	12	random						yes	60	60	27	59.9			0.99	1.0901	1.3986	60	60	60	60.0			1.0	1.1611	1.236	0.499	0.5	
runs/RBT-106/P1-7	RBT-106	600	599	yes	7	foraging	60	0.25	3	0.0	12	random						yes	60	60	35	59.9			0.99	1.1968	1.2954	60	60	60	60.0			1.0	1.2089	1.2412	0.499	0.5	
runs/RBT-106/P1-801	RBT-106	600	599	yes	801	foraging	60	0.25	3	0.0	12	random						yes	60	60	19	59.4			0.977	1.1264	1.5076	60	60	60	60.0			1.0	1.2338	1.1998	0.497	0.5	
runs/RBT-106/P1-804	RBT-106	600	599	yes	804	foraging	60	0.25	3	0.0	12	random						yes	59	60	21	59.6			0.972	1.1596	1.2534	60	60	59	60.0			0.997	1.251	1.4756	0.498	0.5	
runs/RBT-106/P1-805	RBT-106	600	599	yes	805	foraging	60	0.25	3	0.0	12	random						yes	59	60	13	58.7			0.955	1.064	1.4923	60	60	60	60.0			1.0	1.3876	1.466	0.492	0.5	
runs/RBT-106/P1-806	RBT-106	600	599	yes	806	foraging	60	0.25	3	0.0	12	random						yes	59	60	5	53.5		16	0.835	1.0897	1.6436	60	60	60	60.0			1.0	1.219	1.3066	0.455	0.5	
runs/RBT-106/P1-807	RBT-106	600	599	yes	807	foraging	60	0.25	3	0.0	12	random						yes	60	60	18	59.5			0.982	1.008	1.1592	60	60	60	60.0			1.0	1.2908	1.3484	0.497	0.5	
runs/RBT-106/S1-1	RBT-106	600	599	no	1	foraging?			0							(no config)	yes (registered)	yes (registered)	60	60	16	59.1			0.967	0.9904	1.0126	60	60	60	60.0			1.0	0.7952	0.7932	0.495	0.5	runs/RBT-104/S1-1
runs/RBT-106/S1-2	RBT-106	600	599	no	2	foraging?			0							(no config)	yes (registered)	yes (registered)	60	60	19	59.2			0.968	0.9257	1.0297	60	60	60	60.0			1.0	0.8423	0.853	0.495	0.5	runs/RBT-104/S1-2
runs/RBT-106/S1-3	RBT-106	600	599	no	3	foraging?			0							(no config)	yes (registered)	yes (registered)	60	60	30	59.6			0.983	0.9792	1.0192	60	60	60	60.0			1.0	0.8495	0.8189	0.498	0.5	runs/RBT-104/S1-3
runs/RBT-106/S1-4	RBT-106	600	599	no	4	foraging?			0							(no config)	yes (registered)	yes (registered)	60	60	30	59.9			0.99	0.9869	1.0967	60	60	60	60.0			1.0	0.9678	0.994	0.499	0.5	runs/RBT-104/S1-4
runs/RBT-106/S1-7	RBT-106	600	599	no	7	foraging?			0							(no config)	yes (registered)	yes (registered)	60	60	25	59.5			0.982	1.0269	1.1327	60	60	60	60.0			1.0	0.8406	0.8112	0.497	0.5	runs/RBT-104/S1-7
runs/RBT-106/S1-801	RBT-106	600	599	no	801	foraging?			0							(no config)	yes (registered)	yes (registered)	60	60	16	58.8			0.958	0.8397	0.9428	60	60	60	60.0			1.0	0.8665	0.9215	0.493	0.5	runs/RBT-104/S1-801
runs/RBT-106/S1-804	RBT-106	600	599	no	804	foraging?			0							(no config)	yes (registered)	yes (registered)	60	60	33	59.9			0.993	0.992	0.9827	60	60	60	60.0			1.0	0.8606	0.8716	0.5	0.5	runs/RBT-104/S1-804
runs/RBT-106/S1-805	RBT-106	600	599	no	805	foraging?			0							(no config)	yes (registered)	yes (registered)	59	60	28	59.8			0.985	1.019	1.0668	60	60	60	60.0			1.0	0.8888	0.9868	0.499	0.5	runs/RBT-104/S1-805
runs/RBT-106/S1-806	RBT-106	600	599	no	806	foraging?			0							(no config)	yes (registered)	yes (registered)	60	60	22	59.1			0.965	0.8611	0.9555	60	60	60	60.0			1.0	0.7879	0.8445	0.495	0.5	runs/RBT-104/S1-806
runs/RBT-106/S1-807	RBT-106	600	599	no	807	foraging?			0							(no config)	yes (registered)	yes (registered)	60	60	22	59.7			0.988	0.9488	1.1554	60	60	60	60.0			1.0	0.862	0.8662	0.499	0.5	runs/RBT-104/S1-807
runs/RBT-106/side/S1P-4	RBT-106	20	19	yes	4	foraging	60	0.25	3	0.0	12	random						yes	60	60	27	56.1			0.7	0.4374	0.4374	60	60	60	60.0			1.0	0.7401	0.7401	0.48	0.5	runs/RBT-106/P1-4 (prefix, 20 seasons)
runs/RBT-106/side/S1P-801	RBT-106	20	19	yes	801	foraging	60	0.25	3	0.0	12	random						yes	60	47	19	43.6			0.35	0.2585	0.2585	60	60	60	60.0			1.0	0.9825	0.9825	0.403	0.439	runs/RBT-106/P1-801 (prefix, 20 seasons)
runs/RBT-106/side/S1U-4	RBT-106	20	19	yes	4	foraging	60	0.25	0	0.0	12	random						yes	60	60	30	56.5			0.7	0.326	0.326	60	60	60	60.0			1.0	0.5496	0.5496	0.482	0.5	runs/RBT-104/S1-4 (prefix, 20 seasons)
runs/RBT-106/side/S1U-801	RBT-106	20	19	yes	801	foraging	60	0.25	0	0.0	12	random						yes	60	18	16	39.8			0.35	0.161	0.161	60	60	60	60.0			1.0	0.5037	0.5037	0.373	0.231	runs/RBT-104/S1-801 (prefix, 20 seasons)
runs/RBT-106/side/S8P-4	RBT-106	20	19	yes	4	foraging	60	0.25	3	0.0	12	random						yes	60	60	27	56.1			0.7	0.4374	0.4374	60	60	42	57.1			0.65	0.9121	0.9121	0.493	0.5	
runs/RBT-106/side/S8P-801	RBT-106	20	19	yes	801	foraging	60	0.25	3	0.0	12	random						yes	60	47	19	43.6			0.35	0.2585	0.2585	60	60	48	57.9			0.75	1.014	1.014	0.413	0.439	
runs/RBT-106/side/S8U-4	RBT-106	20	19	yes	4	foraging	60	0.25	0	0.0	12	random						yes	60	60	30	56.5			0.7	0.326	0.326	60	60	60	60.0			1.0	0.5953	0.5953	0.482	0.5	runs/RBT-104/S8-4 (prefix, 20 seasons)
runs/RBT-106/side/S8U-801	RBT-106	20	19	yes	801	foraging	60	0.25	0	0.0	12	random						yes	60	18	16	39.8			0.35	0.161	0.161	60	60	39	52.5			0.25	0.3713	0.3713	0.403	0.231	runs/RBT-104/S8-801 (prefix, 20 seasons)
runs/RBT-107/fresh/base-11	RBT-107	1200	1199	yes	11	foraging	60	0.25	0	0.0	12	random							60	60	27	59.8			0.99	1.0172	1.2632	60	60	60	60.0			1.0	0.9197	1.027	0.499	0.5	
runs/RBT-107/fresh/base-12	RBT-107	1200	1199	yes	12	foraging	60	0.25	0	0.0	12	random							60	60	35	59.9			0.996	1.1118	1.3942	60	60	60	60.0			1.0	0.9117	0.9563	0.5	0.5	
runs/RBT-107/fresh/base-13	RBT-107	1200	1199	yes	13	foraging	60	0.25	0	0.0	12	random							60	60	30	59.9			0.996	1.3281	1.2593	60	60	60	60.0			1.0	0.8924	0.8722	0.5	0.5	
runs/RBT-107/fresh/base-14	RBT-107	1200	1199	yes	14	foraging	60	0.25	0	0.0	12	random							60	60	28	59.9			0.995	1.2216	1.3389	60	60	60	60.0			1.0	0.9136	1.028	0.499	0.5	
runs/RBT-107/fresh/base-15	RBT-107	1200	1199	yes	15	foraging	60	0.25	0	0.0	12	random							60	60	27	59.9			0.992	1.0749	1.2586	60	60	60	60.0			1.0	0.9859	1.1194	0.499	0.5	
runs/RBT-107/fresh/base-16	RBT-107	1200	1199	yes	16	foraging	60	0.25	0	0.0	12	random							60	60	32	59.9			0.995	1.0492	1.0278	60	60	60	60.0			1.0	0.9185	0.9717	0.5	0.5	
runs/RBT-107/fresh/base-17	RBT-107	1200	1199	yes	17	foraging	60	0.25	0	0.0	12	random							60	60	21	59.7			0.985	1.0272	0.9733	60	60	59	60.0			0.999	0.8539	0.9506	0.498	0.5	
runs/RBT-107/fresh/base-18	RBT-107	1200	1199	yes	18	foraging	60	0.25	0	0.0	12	random							58	60	10	59.7			0.983	1.0438	1.2025	60	60	60	60.0			1.0	0.8457	0.9242	0.498	0.5	
runs/RBT-107/fresh/base-19	RBT-107	1200	1199	yes	19	foraging	60	0.25	0	0.0	12	random							60	60	24	59.8			0.994	1.006	1.0679	60	60	60	60.0			1.0	0.8664	0.9959	0.499	0.5	
runs/RBT-107/fresh/base-20	RBT-107	1200	1199	yes	20	foraging	60	0.25	0	0.0	12	random							60	60	24	59.7			0.988	1.0103	1.0918	60	60	60	60.0			1.0	0.8964	0.9282	0.499	0.5	
runs/RBT-107/fresh/base-21	RBT-107	1200	1199	yes	21	foraging	60	0.25	0	0.0	12	random							60	60	12	59.1			0.97	1.0697	1.3485	60	60	60	60.0			1.0	0.9144	0.9537	0.494	0.5	
runs/RBT-107/fresh/base-22	RBT-107	1200	1199	yes	22	foraging	60	0.25	0	0.0	12	random							60	60	33	59.9			0.996	1.092	1.3205	60	60	60	60.0			1.0	0.8952	0.9187	0.5	0.5	
runs/RBT-107/fresh/base-23	RBT-107	1200	1199	yes	23	foraging	60	0.25	0	0.0	12	random							60	60	31	59.9			0.996	1.0199	1.1812	60	60	60	60.0			1.0	0.9117	1.0224	0.5	0.5	
runs/RBT-107/fresh/base-24	RBT-107	1200	1199	yes	24	foraging	60	0.25	0	0.0	12	random							60	60	20	59.8			0.993	1.0148	1.2439	60	60	60	60.0			1.0	0.8658	0.8053	0.499	0.5	
runs/RBT-107/fresh/base-25	RBT-107	1200	1199	yes	25	foraging	60	0.25	0	0.0	12	random							60	60	10	59.2			0.977	1.0775	1.0224	60	60	60	60.0			1.0	0.8327	0.8087	0.495	0.5	
runs/RBT-107/fresh/base-26	RBT-107	1200	1199	yes	26	foraging	60	0.25	0	0.0	12	random							60	60	20	59.9			0.995	1.1778	1.1813	60	60	60	60.0			1.0	0.8902	0.9504	0.499	0.5	
runs/RBT-107/fresh/base-27	RBT-107	1200	1199	yes	27	foraging	60	0.25	0	0.0	12	random							58	60	8	59.4		11	0.981	1.0757	1.1206	60	60	60	60.0			1.0	0.8723	0.9407	0.496	0.5	
runs/RBT-107/fresh/base-28	RBT-107	1200	1199	yes	28	foraging	60	0.25	0	0.0	12	random							60	60	16	59.6			0.983	1.0511	1.1426	60	60	60	60.0			1.0	0.9165	1.0828	0.498	0.5	
runs/RBT-107/fresh/base-29	RBT-107	1200	1199	yes	29	foraging	60	0.25	0	0.0	12	random							60	0	0	0.5	27	11	0.003	0.1337		60	60	60	60.0			1.0	0.9158	0.9899	0.005	0.0	
runs/RBT-107/fresh/base-30	RBT-107	1200	1199	yes	30	foraging	60	0.25	0	0.0	12	random							60	60	12	59.5			0.986	1.1634	1.249	60	60	60	60.0			1.0	0.905	0.8763	0.497	0.5	
runs/RBT-107/fresh/cull20-11	RBT-107	1200	1199	yes	11	foraging	60	0.25	0	0.0	12	random		holistic=20,conventional=20@360					60	60	27	59.8			0.99	1.0064	1.092	60	60	60	60.0			1.0	0.9051	0.9473	0.499	0.5	
runs/RBT-107/fresh/cull20-12	RBT-107	1200	1199	yes	12	foraging	60	0.25	0	0.0	12	random		holistic=20,conventional=20@360					60	60	35	59.9			0.996	1.0965	1.2748	60	60	60	60.0			1.0	0.9192	0.9558	0.5	0.5	
runs/RBT-107/fresh/cull20-13	RBT-107	1200	1199	yes	13	foraging	60	0.25	0	0.0	12	random		holistic=20,conventional=20@360					60	60	30	59.9			0.996	1.2487	1.0818	60	60	60	60.0			1.0	0.8873	0.9675	0.5	0.5	
runs/RBT-107/fresh/cull20-14	RBT-107	1200	1199	yes	14	foraging	60	0.25	0	0.0	12	random		holistic=20,conventional=20@360					60	60	28	59.9			0.995	1.0997	0.953	60	60	60	60.0			1.0	0.9498	1.0059	0.499	0.5	
runs/RBT-107/fresh/cull20-15	RBT-107	1200	1199	yes	15	foraging	60	0.25	0	0.0	12	random		holistic=20,conventional=20@360					60	60	27	59.9			0.992	1.0049	0.9463	60	60	60	60.0			1.0	0.9258	0.992	0.499	0.5	
runs/RBT-107/fresh/cull20-16	RBT-107	1200	1199	yes	16	foraging	60	0.25	0	0.0	12	random		holistic=20,conventional=20@360					60	60	32	59.9			0.995	1.0815	1.1934	60	60	60	60.0			1.0	0.9112	0.9602	0.5	0.5	
runs/RBT-107/fresh/cull20-17	RBT-107	1200	1199	yes	17	foraging	60	0.25	0	0.0	12	random		holistic=20,conventional=20@360					60	60	21	59.7			0.985	1.0101	1.2501	60	60	59	60.0			0.999	0.8653	0.9717	0.498	0.5	
runs/RBT-107/fresh/cull20-18	RBT-107	1200	1199	yes	18	foraging	60	0.25	0	0.0	12	random		holistic=20,conventional=20@360					58	60	10	59.7			0.983	1.0436	1.2484	60	60	60	60.0			1.0	0.8373	0.854	0.498	0.5	
runs/RBT-107/fresh/cull20-19	RBT-107	1200	1199	yes	19	foraging	60	0.25	0	0.0	12	random		holistic=20,conventional=20@360					60	60	24	59.8			0.994	1.0383	1.2451	60	60	60	60.0			1.0	0.8488	0.8945	0.499	0.5	
runs/RBT-107/fresh/cull20-20	RBT-107	1200	1199	yes	20	foraging	60	0.25	0	0.0	12	random		holistic=20,conventional=20@360					60	60	24	59.7			0.988	0.9853	1.1949	60	60	60	60.0			1.0	0.932	1.0137	0.499	0.5	
runs/RBT-107/fresh/cull20-21	RBT-107	1200	1199	yes	21	foraging	60	0.25	0	0.0	12	random		holistic=20,conventional=20@360					60	60	12	59.1			0.97	1.0828	1.1381	60	60	60	60.0			1.0	0.8377	0.8333	0.494	0.5	
runs/RBT-107/fresh/cull20-22	RBT-107	1200	1199	yes	22	foraging	60	0.25	0	0.0	12	random		holistic=20,conventional=20@360					60	60	33	59.9			0.996	1.0808	1.1895	60	60	60	60.0			1.0	0.8487	0.8663	0.5	0.5	
runs/RBT-107/fresh/cull20-23	RBT-107	1200	1199	yes	23	foraging	60	0.25	0	0.0	12	random		holistic=20,conventional=20@360					60	60	31	59.9			0.996	1.0305	1.0824	60	60	60	60.0			1.0	0.8664	0.9515	0.5	0.5	
runs/RBT-107/fresh/cull20-24	RBT-107	1200	1199	yes	24	foraging	60	0.25	0	0.0	12	random		holistic=20,conventional=20@360					60	60	20	59.8			0.993	0.914	0.8816	60	60	60	60.0			1.0	0.9345	0.9987	0.499	0.5	
runs/RBT-107/fresh/cull20-25	RBT-107	1200	1199	yes	25	foraging	60	0.25	0	0.0	12	random		holistic=20,conventional=20@360					60	60	10	59.2			0.977	1.0794	1.3525	60	60	60	60.0			1.0	0.8587	0.8406	0.495	0.5	
runs/RBT-107/fresh/cull20-26	RBT-107	1200	1199	yes	26	foraging	60	0.25	0	0.0	12	random		holistic=20,conventional=20@360					60	60	20	59.9			0.995	1.2939	1.3843	60	60	60	60.0			1.0	0.886	0.8948	0.499	0.5	
runs/RBT-107/fresh/cull20-27	RBT-107	1200	1199	yes	27	foraging	60	0.25	0	0.0	12	random		holistic=20,conventional=20@360					58	60	8	59.4		11	0.981	1.1301	1.1741	60	60	60	60.0			1.0	0.9427	0.9737	0.496	0.5	
runs/RBT-107/fresh/cull20-28	RBT-107	1200	1199	yes	28	foraging	60	0.25	0	0.0	12	random		holistic=20,conventional=20@360					60	60	16	59.6			0.983	1.0632	1.139	60	60	60	60.0			1.0	0.8836	0.9301	0.498	0.5	
runs/RBT-107/fresh/cull20-29	RBT-107	1200	1199	yes	29	foraging	60	0.25	0	0.0	12	random		holistic=20,conventional=20@360					60	0	0	0.5	27	11	0.003	0.1337		60	60	60	60.0			1.0	0.867	0.8424	0.005	0.0	
runs/RBT-107/fresh/cull20-30	RBT-107	1200	1199	yes	30	foraging	60	0.25	0	0.0	12	random		holistic=20,conventional=20@360					60	60	12	59.5			0.986	1.0762	1.2926	60	60	60	60.0			1.0	0.909	1.0429	0.497	0.5	
runs/RBT-107/fresh/shift-11	RBT-107	1200	1199	yes	11	foraging	60	0.25	0	0.0	12	random	terrain=flat@360						60	60	27	59.8			0.99	1.1676	1.4909	60	60	60	60.0			1.0	1.34	1.9669	0.499	0.5	
runs/RBT-107/fresh/shift-12	RBT-107	1200	1199	yes	12	foraging	60	0.25	0	0.0	12	random	terrain=flat@360						60	60	35	59.9			0.996	1.1715	1.295	60	60	60	60.0			1.0	1.3848	1.6142	0.5	0.5	
runs/RBT-107/fresh/shift-13	RBT-107	1200	1199	yes	13	foraging	60	0.25	0	0.0	12	random	terrain=flat@360						60	60	30	59.9			0.996	1.4637	1.5093	60	60	60	60.0			1.0	1.3952	1.8646	0.5	0.5	
runs/RBT-107/fresh/shift-14	RBT-107	1200	1199	yes	14	foraging	60	0.25	0	0.0	12	random	terrain=flat@360						60	60	28	59.9			0.995	1.1055	1.1906	60	60	60	60.0			1.0	1.2936	1.5927	0.499	0.5	
runs/RBT-107/fresh/shift-15	RBT-107	1200	1199	yes	15	foraging	60	0.25	0	0.0	12	random	terrain=flat@360						60	60	27	59.9			0.992	1.1054	1.2694	60	60	60	60.0			1.0	1.4642	1.9381	0.499	0.5	
runs/RBT-107/fresh/shift-16	RBT-107	1200	1199	yes	16	foraging	60	0.25	0	0.0	12	random	terrain=flat@360						60	60	32	59.9			0.995	1.2233	1.5569	60	60	60	60.0			1.0	1.5286	1.8889	0.5	0.5	
runs/RBT-107/fresh/shift-17	RBT-107	1200	1199	yes	17	foraging	60	0.25	0	0.0	12	random	terrain=flat@360						60	60	21	59.7			0.985	1.0961	1.2036	60	60	59	60.0			0.999	1.2873	1.6269	0.498	0.5	
runs/RBT-107/fresh/shift-18	RBT-107	1200	1199	yes	18	foraging	60	0.25	0	0.0	12	random	terrain=flat@360						58	60	10	59.7			0.983	1.1713	1.1183	60	60	60	60.0			1.0	1.2073	1.1796	0.498	0.5	
runs/RBT-107/fresh/shift-19	RBT-107	1200	1199	yes	19	foraging	60	0.25	0	0.0	12	random	terrain=flat@360						60	60	24	59.8			0.994	1.049	1.1188	60	60	60	60.0			1.0	1.471	2.0259	0.499	0.5	
runs/RBT-107/fresh/shift-20	RBT-107	1200	1199	yes	20	foraging	60	0.25	0	0.0	12	random	terrain=flat@360						60	60	24	59.7			0.988	1.1332	1.4814	60	60	60	60.0			1.0	1.3819	1.4526	0.499	0.5	
runs/RBT-107/fresh/shift-21	RBT-107	1200	1199	yes	21	foraging	60	0.25	0	0.0	12	random	terrain=flat@360						60	60	12	59.1			0.97	1.2736	2.078	60	60	60	60.0			1.0	1.2475	1.5318	0.494	0.5	
runs/RBT-107/fresh/shift-22	RBT-107	1200	1199	yes	22	foraging	60	0.25	0	0.0	12	random	terrain=flat@360						60	60	33	59.9			0.996	1.1153	1.2937	60	60	60	60.0			1.0	1.2577	1.1923	0.5	0.5	
runs/RBT-107/fresh/shift-23	RBT-107	1200	1199	yes	23	foraging	60	0.25	0	0.0	12	random	terrain=flat@360						60	60	31	59.9			0.996	1.1984	1.3878	60	60	60	60.0			1.0	1.4072	1.6358	0.5	0.5	
runs/RBT-107/fresh/shift-24	RBT-107	1200	1199	yes	24	foraging	60	0.25	0	0.0	12	random	terrain=flat@360						60	60	20	59.8			0.993	1.1061	1.2786	60	60	60	60.0			1.0	1.349	1.5693	0.499	0.5	
runs/RBT-107/fresh/shift-25	RBT-107	1200	1199	yes	25	foraging	60	0.25	0	0.0	12	random	terrain=flat@360						60	60	10	59.2			0.977	1.0426	1.5185	60	60	60	60.0			1.0	1.2776	1.5115	0.495	0.5	
runs/RBT-107/fresh/shift-26	RBT-107	1200	1199	yes	26	foraging	60	0.25	0	0.0	12	random	terrain=flat@360						60	60	20	59.9			0.995	1.1676	1.2476	60	60	60	60.0			1.0	1.3679	1.6206	0.499	0.5	
runs/RBT-107/fresh/shift-27	RBT-107	1200	1199	yes	27	foraging	60	0.25	0	0.0	12	random	terrain=flat@360						58	60	8	59.4		11	0.981	1.1666	1.2243	60	60	60	60.0			1.0	1.4929	1.7972	0.496	0.5	
runs/RBT-107/fresh/shift-28	RBT-107	1200	1199	yes	28	foraging	60	0.25	0	0.0	12	random	terrain=flat@360						60	60	16	59.6			0.983	1.0705	1.1037	60	60	60	60.0			1.0	1.5104	2.0157	0.498	0.5	
runs/RBT-107/fresh/shift-29	RBT-107	1200	1199	yes	29	foraging	60	0.25	0	0.0	12	random	terrain=flat@360						60	0	0	0.5	27	11	0.003	0.1337		60	60	60	60.0			1.0	1.3027	1.2948	0.005	0.0	
runs/RBT-107/fresh/shift-30	RBT-107	1200	1199	yes	30	foraging	60	0.25	0	0.0	12	random	terrain=flat@360						60	60	12	59.5			0.986	1.1878	1.5815	60	60	60	60.0			1.0	1.393	1.6654	0.497	0.5	
runs/RBT-107/hrep/tables/base-11	RBT-107	471	470	no	11	foraging?									H-REP cut	(no config)			60	60	27	59.4			0.975	0.8601	0.9761	60	60	60	60.0			1.0	0.8402	0.8825	0.497	0.5	runs/RBT-107/fresh/base-11 (prefix, 471 seasons)
runs/RBT-107/hrep/tables/base-12	RBT-107	471	470	no	12	foraging?									H-REP cut	(no config)			60	60	35	59.8			0.989	0.9878	1.0879	60	60	60	60.0			1.0	0.8725	0.9336	0.499	0.5	runs/RBT-107/fresh/base-12 (prefix, 471 seasons)
runs/RBT-107/hrep/tables/base-13	RBT-107	471	470	no	13	foraging?									H-REP cut	(no config)			60	60	30	59.8			0.989	1.2469	1.2469	60	60	60	60.0			1.0	0.8314	0.8781	0.499	0.5	runs/RBT-107/fresh/base-13 (prefix, 471 seasons)
runs/RBT-107/hrep/tables/base-14	RBT-107	471	470	no	14	foraging?									H-REP cut	(no config)			60	60	28	59.7			0.987	1.0491	0.9835	60	60	60	60.0			1.0	0.8502	0.7722	0.499	0.5	runs/RBT-107/fresh/base-14 (prefix, 471 seasons)
runs/RBT-107/hrep/tables/base-15	RBT-107	471	470	no	15	foraging?									H-REP cut	(no config)			60	60	27	59.6			0.979	0.8941	1.0088	60	60	60	60.0			1.0	0.8885	0.9884	0.498	0.5	runs/RBT-107/fresh/base-15 (prefix, 471 seasons)
runs/RBT-107/hrep/tables/base-16	RBT-107	471	470	no	16	foraging?									H-REP cut	(no config)			60	60	32	59.8			0.987	0.956	1.0116	60	60	60	60.0			1.0	0.8325	0.9142	0.499	0.5	runs/RBT-107/fresh/base-16 (prefix, 471 seasons)
runs/RBT-107/hrep/tables/base-17	RBT-107	471	470	no	17	foraging?									H-REP cut	(no config)			60	60	21	59.2			0.962	0.8751	1.0414	60	60	59	60.0			0.998	0.8124	0.8771	0.496	0.5	runs/RBT-107/fresh/base-17 (prefix, 471 seasons)
runs/RBT-107/hrep/tables/base-18	RBT-107	471	470	no	18	foraging?									H-REP cut	(no config)			58	60	10	59.1			0.958	1.0265	1.0017	60	60	60	60.0			1.0	0.7997	0.8035	0.495	0.5	runs/RBT-107/fresh/base-18 (prefix, 471 seasons)
runs/RBT-107/hrep/tables/base-19	RBT-107	471	470	no	19	foraging?									H-REP cut	(no config)			60	60	24	59.6			0.985	0.9294	0.9972	60	60	60	60.0			1.0	0.774	0.7398	0.498	0.5	runs/RBT-107/fresh/base-19 (prefix, 471 seasons)
runs/RBT-107/hrep/tables/base-20	RBT-107	471	470	no	20	foraging?									H-REP cut	(no config)			60	60	24	59.3			0.968	0.85	0.964	60	60	60	60.0			1.0	0.8201	0.9306	0.496	0.5	runs/RBT-107/fresh/base-20 (prefix, 471 seasons)
runs/RBT-107/hrep/tables/base-21	RBT-107	471	470	no	21	foraging?									H-REP cut	(no config)			60	60	12	57.6			0.924	0.8852	1.1367	60	60	60	60.0			1.0	0.7922	0.9145	0.485	0.5	runs/RBT-107/fresh/base-21 (prefix, 471 seasons)
runs/RBT-107/hrep/tables/base-22	RBT-107	471	470	no	22	foraging?									H-REP cut	(no config)			60	60	33	59.8			0.989	0.9892	0.9728	60	60	60	60.0			1.0	0.838	0.9405	0.499	0.5	runs/RBT-107/fresh/base-22 (prefix, 471 seasons)
runs/RBT-107/hrep/tables/base-23	RBT-107	471	470	no	23	foraging?									H-REP cut	(no config)			60	60	31	59.9			0.989	0.9496	0.9066	60	60	60	60.0			1.0	0.8138	0.8592	0.499	0.5	runs/RBT-107/fresh/base-23 (prefix, 471 seasons)
runs/RBT-107/hrep/tables/base-24	RBT-107	471	470	no	24	foraging?									H-REP cut	(no config)			60	60	20	59.4			0.981	0.8891	0.902	60	60	60	60.0			1.0	0.8754	0.9119	0.497	0.5	runs/RBT-107/fresh/base-24 (prefix, 471 seasons)
runs/RBT-107/hrep/tables/base-25	RBT-107	471	470	no	25	foraging?									H-REP cut	(no config)			60	60	10	58.0			0.941	0.8841	1.1132	60	60	60	60.0			1.0	0.8225	0.8503	0.487	0.5	runs/RBT-107/fresh/base-25 (prefix, 471 seasons)
runs/RBT-107/hrep/tables/base-26	RBT-107	471	470	no	26	foraging?									H-REP cut	(no config)			60	60	20	59.7			0.987	1.199	1.0608	60	60	60	60.0			1.0	0.8128	0.8972	0.498	0.5	runs/RBT-107/fresh/base-26 (prefix, 471 seasons)
runs/RBT-107/hrep/tables/base-27	RBT-107	471	470	no	27	foraging?									H-REP cut	(no config)			58	60	8	58.4		11	0.951	0.9187	1.1348	60	60	60	60.0			1.0	0.8497	0.9569	0.49	0.5	runs/RBT-107/fresh/base-27 (prefix, 471 seasons)
runs/RBT-107/hrep/tables/base-28	RBT-107	471	470	no	28	foraging?									H-REP cut	(no config)			60	60	16	59.0			0.955	0.9432	1.2225	60	60	60	60.0			1.0	0.8013	0.8495	0.494	0.5	runs/RBT-107/fresh/base-28 (prefix, 471 seasons)
runs/RBT-107/hrep/tables/base-29	RBT-107	471	470	no	29	foraging?									H-REP cut	(no config)			60	0	0	1.4	27	11	0.008	0.1337		60	60	60	60.0			1.0	0.8437	0.8407	0.013	0.0	runs/RBT-107/fresh/base-29 (prefix, 471 seasons)
runs/RBT-107/hrep/tables/base-30	RBT-107	471	470	no	30	foraging?									H-REP cut	(no config)			60	60	12	58.9			0.964	0.9116	1.0516	60	60	60	60.0			1.0	0.8574	0.9347	0.493	0.5	runs/RBT-107/fresh/base-30 (prefix, 471 seasons)
runs/RBT-107/hrep/tables/cull20-11	RBT-107	471	470	no	11	foraging?									H-REP cut	(no config)			60	60	27	59.4			0.975	0.8626	0.9981	60	60	60	60.0			1.0	0.8408	0.8807	0.497	0.5	runs/RBT-107/fresh/cull20-11 (prefix, 471 seasons)
runs/RBT-107/hrep/tables/cull20-12	RBT-107	471	470	no	12	foraging?									H-REP cut	(no config)			60	60	35	59.8			0.989	0.9792	1.0566	60	60	60	60.0			1.0	0.8714	0.9259	0.499	0.5	runs/RBT-107/fresh/cull20-12 (prefix, 471 seasons)
runs/RBT-107/hrep/tables/cull20-13	RBT-107	471	470	no	13	foraging?									H-REP cut	(no config)			60	60	30	59.8			0.989	1.2962	1.4822	60	60	60	60.0			1.0	0.8307	0.868	0.499	0.5	runs/RBT-107/fresh/cull20-13 (prefix, 471 seasons)
runs/RBT-107/hrep/tables/cull20-14	RBT-107	471	470	no	14	foraging?									H-REP cut	(no config)			60	60	28	59.7			0.987	1.0635	1.0662	60	60	60	60.0			1.0	0.8626	0.8359	0.499	0.5	runs/RBT-107/fresh/cull20-14 (prefix, 471 seasons)
runs/RBT-107/hrep/tables/cull20-15	RBT-107	471	470	no	15	foraging?									H-REP cut	(no config)			60	60	27	59.6			0.979	0.9158	1.1163	60	60	60	60.0			1.0	0.8781	0.9442	0.498	0.5	runs/RBT-107/fresh/cull20-15 (prefix, 471 seasons)
runs/RBT-107/hrep/tables/cull20-16	RBT-107	471	470	no	16	foraging?									H-REP cut	(no config)			60	60	32	59.8			0.987	0.9471	0.9786	60	60	60	60.0			1.0	0.8317	0.9158	0.499	0.5	runs/RBT-107/fresh/cull20-16 (prefix, 471 seasons)
runs/RBT-107/hrep/tables/cull20-17	RBT-107	471	470	no	17	foraging?									H-REP cut	(no config)			60	60	21	59.2			0.962	0.8627	1.0057	60	60	59	60.0			0.998	0.8021	0.8209	0.496	0.5	runs/RBT-107/fresh/cull20-17 (prefix, 471 seasons)
runs/RBT-107/hrep/tables/cull20-18	RBT-107	471	470	no	18	foraging?									H-REP cut	(no config)			58	60	10	59.1			0.958	1.0215	0.9941	60	60	60	60.0			1.0	0.811	0.8555	0.495	0.5	runs/RBT-107/fresh/cull20-18 (prefix, 471 seasons)
runs/RBT-107/hrep/tables/cull20-19	RBT-107	471	470	no	19	foraging?									H-REP cut	(no config)			60	60	24	59.6			0.985	0.9305	1.0121	60	60	60	60.0			1.0	0.7863	0.808	0.498	0.5	runs/RBT-107/fresh/cull20-19 (prefix, 471 seasons)
runs/RBT-107/hrep/tables/cull20-20	RBT-107	471	470	no	20	foraging?									H-REP cut	(no config)			60	60	24	59.3			0.968	0.8276	0.8644	60	60	60	60.0			1.0	0.8222	0.9357	0.496	0.5	runs/RBT-107/fresh/cull20-20 (prefix, 471 seasons)
runs/RBT-107/hrep/tables/cull20-21	RBT-107	471	470	no	21	foraging?									H-REP cut	(no config)			60	60	12	57.6			0.924	0.8985	1.2096	60	60	60	60.0			1.0	0.7721	0.8285	0.485	0.5	runs/RBT-107/fresh/cull20-21 (prefix, 471 seasons)
runs/RBT-107/hrep/tables/cull20-22	RBT-107	471	470	no	22	foraging?									H-REP cut	(no config)			60	60	33	59.8			0.989	1.0077	1.0689	60	60	60	60.0			1.0	0.8349	0.931	0.499	0.5	runs/RBT-107/fresh/cull20-22 (prefix, 471 seasons)
runs/RBT-107/hrep/tables/cull20-23	RBT-107	471	470	no	23	foraging?									H-REP cut	(no config)			60	60	31	59.9			0.989	0.9476	0.9018	60	60	60	60.0			1.0	0.8078	0.8308	0.499	0.5	runs/RBT-107/fresh/cull20-23 (prefix, 471 seasons)
runs/RBT-107/hrep/tables/cull20-24	RBT-107	471	470	no	24	foraging?									H-REP cut	(no config)			60	60	20	59.4			0.981	0.8904	0.9249	60	60	60	60.0			1.0	0.8773	0.93	0.497	0.5	runs/RBT-107/fresh/cull20-24 (prefix, 471 seasons)
runs/RBT-107/hrep/tables/cull20-25	RBT-107	471	470	no	25	foraging?									H-REP cut	(no config)			60	60	10	58.0			0.941	0.8748	1.0797	60	60	60	60.0			1.0	0.8349	0.9112	0.487	0.5	runs/RBT-107/fresh/cull20-25 (prefix, 471 seasons)
runs/RBT-107/hrep/tables/cull20-26	RBT-107	471	470	no	26	foraging?									H-REP cut	(no config)			60	60	20	59.7			0.987	1.2104	1.1346	60	60	60	60.0			1.0	0.8043	0.8528	0.498	0.5	runs/RBT-107/fresh/cull20-26 (prefix, 471 seasons)
runs/RBT-107/hrep/tables/cull20-27	RBT-107	471	470	no	27	foraging?									H-REP cut	(no config)			58	60	8	58.4		11	0.951	0.8831	0.9841	60	60	60	60.0			1.0	0.8449	0.9397	0.49	0.5	runs/RBT-107/fresh/cull20-27 (prefix, 471 seasons)
runs/RBT-107/hrep/tables/cull20-28	RBT-107	471	470	no	28	foraging?									H-REP cut	(no config)			60	60	16	59.0			0.955	0.9176	1.1117	60	60	60	60.0			1.0	0.7977	0.8308	0.494	0.5	runs/RBT-107/fresh/cull20-28 (prefix, 471 seasons)
runs/RBT-107/hrep/tables/cull20-29	RBT-107	471	470	no	29	foraging?									H-REP cut	(no config)			60	0	0	1.4	27	11	0.008	0.1337		60	60	60	60.0			1.0	0.8557	0.8967	0.013	0.0	runs/RBT-107/fresh/cull20-29 (prefix, 471 seasons)
runs/RBT-107/hrep/tables/cull20-30	RBT-107	471	470	no	30	foraging?									H-REP cut	(no config)			60	60	12	58.9			0.964	0.8949	0.9826	60	60	60	60.0			1.0	0.8385	0.8647	0.493	0.5	runs/RBT-107/fresh/cull20-30 (prefix, 471 seasons)
runs/RBT-107/hrep/tables/shift-11	RBT-107	471	470	no	11	foraging?									H-REP cut	(no config)			60	60	27	59.4			0.975	0.8778	1.0449	60	60	60	60.0			1.0	0.9582	1.4204	0.497	0.5	runs/RBT-107/fresh/shift-11 (prefix, 471 seasons)
runs/RBT-107/hrep/tables/shift-12	RBT-107	471	470	no	12	foraging?									H-REP cut	(no config)			60	60	35	59.8			0.989	1.0189	1.2275	60	60	60	60.0			1.0	1.0116	1.5514	0.499	0.5	runs/RBT-107/fresh/shift-12 (prefix, 471 seasons)
runs/RBT-107/hrep/tables/shift-13	RBT-107	471	470	no	13	foraging?									H-REP cut	(no config)			60	60	30	59.8			0.989	1.3088	1.5385	60	60	60	60.0			1.0	0.9396	1.3661	0.499	0.5	runs/RBT-107/fresh/shift-13 (prefix, 471 seasons)
runs/RBT-107/hrep/tables/shift-14	RBT-107	471	470	no	14	foraging?									H-REP cut	(no config)			60	60	28	59.7			0.987	1.0833	1.1424	60	60	60	60.0			1.0	0.9543	1.2498	0.499	0.5	runs/RBT-107/fresh/shift-14 (prefix, 471 seasons)
runs/RBT-107/hrep/tables/shift-15	RBT-107	471	470	no	15	foraging?									H-REP cut	(no config)			60	60	27	59.6			0.979	0.9342	1.1941	60	60	60	60.0			1.0	1.0531	1.7357	0.498	0.5	runs/RBT-107/fresh/shift-15 (prefix, 471 seasons)
runs/RBT-107/hrep/tables/shift-16	RBT-107	471	470	no	16	foraging?									H-REP cut	(no config)			60	60	32	59.8			0.987	0.9779	1.1094	60	60	60	60.0			1.0	1.0043	1.7013	0.499	0.5	runs/RBT-107/fresh/shift-16 (prefix, 471 seasons)
runs/RBT-107/hrep/tables/shift-17	RBT-107	471	470	no	17	foraging?									H-REP cut	(no config)			60	60	21	59.2			0.962	0.8971	1.137	60	60	59	60.0			0.998	0.9631	1.558	0.496	0.5	runs/RBT-107/fresh/shift-17 (prefix, 471 seasons)
runs/RBT-107/hrep/tables/shift-18	RBT-107	471	470	no	18	foraging?									H-REP cut	(no config)			58	60	10	59.1			0.958	1.0804	1.2486	60	60	60	60.0			1.0	0.9337	1.3979	0.495	0.5	runs/RBT-107/fresh/shift-18 (prefix, 471 seasons)
runs/RBT-107/hrep/tables/shift-19	RBT-107	471	470	no	19	foraging?									H-REP cut	(no config)			60	60	24	59.6			0.985	0.9611	1.1448	60	60	60	60.0			1.0	0.9324	1.4677	0.498	0.5	runs/RBT-107/fresh/shift-19 (prefix, 471 seasons)
runs/RBT-107/hrep/tables/shift-20	RBT-107	471	470	no	20	foraging?									H-REP cut	(no config)			60	60	24	59.3			0.968	0.8853	1.132	60	60	60	60.0			1.0	0.9457	1.4975	0.496	0.5	runs/RBT-107/fresh/shift-20 (prefix, 471 seasons)
runs/RBT-107/hrep/tables/shift-21	RBT-107	471	470	no	21	foraging?									H-REP cut	(no config)			60	60	12	57.6			0.924	0.9106	1.2532	60	60	60	60.0			1.0	0.859	1.2062	0.485	0.5	runs/RBT-107/fresh/shift-21 (prefix, 471 seasons)
runs/RBT-107/hrep/tables/shift-22	RBT-107	471	470	no	22	foraging?									H-REP cut	(no config)			60	60	33	59.8			0.989	1.041	1.2128	60	60	60	60.0			1.0	0.9675	1.5315	0.499	0.5	runs/RBT-107/fresh/shift-22 (prefix, 471 seasons)
runs/RBT-107/hrep/tables/shift-23	RBT-107	471	470	no	23	foraging?									H-REP cut	(no config)			60	60	31	59.9			0.989	1.0061	1.1617	60	60	60	60.0			1.0	0.9781	1.6119	0.499	0.5	runs/RBT-107/fresh/shift-23 (prefix, 471 seasons)
runs/RBT-107/hrep/tables/shift-24	RBT-107	471	470	no	24	foraging?									H-REP cut	(no config)			60	60	20	59.4			0.981	0.9277	1.0778	60	60	60	60.0			1.0	1.0201	1.5714	0.497	0.5	runs/RBT-107/fresh/shift-24 (prefix, 471 seasons)
runs/RBT-107/hrep/tables/shift-25	RBT-107	471	470	no	25	foraging?									H-REP cut	(no config)			60	60	10	58.0			0.941	0.886	1.1152	60	60	60	60.0			1.0	0.9453	1.4044	0.487	0.5	runs/RBT-107/fresh/shift-25 (prefix, 471 seasons)
runs/RBT-107/hrep/tables/shift-26	RBT-107	471	470	no	26	foraging?									H-REP cut	(no config)			60	60	20	59.7			0.987	1.2088	1.1024	60	60	60	60.0			1.0	0.9778	1.6497	0.498	0.5	runs/RBT-107/fresh/shift-26 (prefix, 471 seasons)
runs/RBT-107/hrep/tables/shift-27	RBT-107	471	470	no	27	foraging?									H-REP cut	(no config)			58	60	8	58.4		11	0.951	0.9225	1.1602	60	60	60	60.0			1.0	0.9977	1.6305	0.49	0.5	runs/RBT-107/fresh/shift-27 (prefix, 471 seasons)
runs/RBT-107/hrep/tables/shift-28	RBT-107	471	470	no	28	foraging?									H-REP cut	(no config)			60	60	16	59.0			0.955	0.9297	1.1493	60	60	60	60.0			1.0	0.9413	1.4785	0.494	0.5	runs/RBT-107/fresh/shift-28 (prefix, 471 seasons)
runs/RBT-107/hrep/tables/shift-29	RBT-107	471	470	no	29	foraging?									H-REP cut	(no config)			60	0	0	1.4	27	11	0.008	0.1337		60	60	60	60.0			1.0	1.0353	1.7152	0.013	0.0	runs/RBT-107/fresh/shift-29 (prefix, 471 seasons)
runs/RBT-107/hrep/tables/shift-30	RBT-107	471	470	no	30	foraging?									H-REP cut	(no config)			60	60	12	58.9			0.964	0.9281	1.1352	60	60	60	60.0			1.0	0.9885	1.5339	0.493	0.5	runs/RBT-107/fresh/shift-30 (prefix, 471 seasons)
runs/RBT-112/HZ-1	RBT-112	600	599	yes	1	foraging	60	0.25	0	0.0	12	random						yes	60	60	16	59.1			0.967	0.9904	1.0126	60	60	60	60.0			1.0	1.1448	0.962	0.495	0.5	
runs/RBT-112/HZ-2	RBT-112	600	599	yes	2	foraging	60	0.25	0	0.0	12	random						yes	60	60	19	59.2			0.968	0.9257	1.0297	60	60	60	60.0			1.0	1.0152	0.9169	0.495	0.5	
runs/RBT-112/HZ-3	RBT-112	600	599	yes	3	foraging	60	0.25	0	0.0	12	random						yes	60	60	30	59.6			0.983	0.9792	1.0192	60	60	60	60.0			1.0	0.9603	1.0094	0.498	0.5	
runs/RBT-112/HZ-4	RBT-112	600	599	yes	4	foraging	60	0.25	0	0.0	12	random						yes	60	60	30	59.9			0.99	0.9869	1.0967	60	60	60	60.0			1.0	1.1115	0.9757	0.499	0.5	
runs/RBT-112/HZ-7	RBT-112	600	599	yes	7	foraging	60	0.25	0	0.0	12	random						yes	60	60	25	59.5			0.982	1.0269	1.1327	60	60	60	60.0			1.0	1.0844	1.0124	0.497	0.5	
runs/RBT-112/HZ-801	RBT-112	600	599	yes	801	foraging	60	0.25	0	0.0	12	random						yes	60	60	16	58.8			0.958	0.8397	0.9428	60	60	60	60.0			1.0	1.2086	1.0857	0.493	0.5	
runs/RBT-112/HZ-804	RBT-112	600	599	yes	804	foraging	60	0.25	0	0.0	12	random						yes	60	60	33	59.9			0.993	0.992	0.9827	60	60	60	60.0			1.0	1.0541	1.0249	0.5	0.5	
runs/RBT-112/HZ-805	RBT-112	600	599	yes	805	foraging	60	0.25	0	0.0	12	random						yes	59	60	28	59.8			0.985	1.019	1.0668	60	60	60	60.0			1.0	1.307	1.4932	0.499	0.5	
runs/RBT-112/HZ-806	RBT-112	600	599	yes	806	foraging	60	0.25	0	0.0	12	random						yes	60	60	22	59.1			0.965	0.8611	0.9555	60	60	60	60.0			1.0	0.8751	0.8353	0.495	0.5	
runs/RBT-112/HZ-807	RBT-112	600	599	yes	807	foraging	60	0.25	0	0.0	12	random						yes	60	60	22	59.7			0.988	0.9488	1.1554	60	60	60	60.0			1.0	1.0922	0.9769	0.499	0.5	
runs/RBT-71/forage-804	RBT-71	600	599	yes	804	foraging	60	0.25	0	0.0	12	random							60	60	26	59.8			0.99	1.0282	1.021	60	60	60	60.0			1.0	0.8225	0.9006	0.499	0.5	
runs/RBT-71/forage-805	RBT-71	600	599	yes	805	foraging	60	0.25	0	0.0	12	random							60	60	8	58.9		13	0.963	0.9723	1.1029	60	60	60	60.0			1.0	0.8739	0.96	0.493	0.5	
runs/RBT-71/forage-806	RBT-71	600	599	yes	806	foraging	60	0.25	0	0.0	12	random							60	60	28	59.9			0.992	0.9163	0.993	60	60	60	60.0			1.0	0.8775	0.9148	0.499	0.5	
runs/RBT-71/neutral-804	RBT-71	600	599	yes	804	foraging	60	0.0	0	0.0	12	random							60	60	60	60.0			1.0	-0.029	0.0195	60	60	60	60.0			1.0	0.3305	0.4068	0.5	0.5	
runs/RBT-71/neutral-805	RBT-71	600	599	yes	805	foraging	60	0.0	0	0.0	12	random							60	60	60	60.0			1.0	0.0142	0.051	60	60	60	60.0			1.0	0.3848	0.403	0.5	0.5	
runs/RBT-71/neutral-806	RBT-71	600	599	yes	806	foraging	60	0.0	0	0.0	12	random							60	60	60	60.0			1.0	-61.9043	-371.3837	60	60	60	60.0			1.0	0.3898	0.558	0.5	0.5	
runs/RBT-90/forage-1	RBT-90	600	599	yes	1	foraging	60	0.25	0	0.0	12	random							60	60	16	59.1			0.967	0.9904	1.0126	60	60	60	60.0			1.0	0.7615	0.7531	0.495	0.5	
runs/RBT-90/forage-2	RBT-90	600	599	yes	2	foraging	60	0.25	0	0.0	12	random							60	60	19	59.2			0.968	0.9257	1.0297	60	60	60	60.0			1.0	0.8771	1.0096	0.495	0.5	
runs/RBT-90/forage-3	RBT-90	600	599	yes	3	foraging	60	0.25	0	0.0	12	random							60	60	30	59.6			0.983	0.9792	1.0192	60	60	60	60.0			1.0	0.8026	0.8905	0.498	0.5	
runs/RBT-90/forage-4	RBT-90	600	599	yes	4	foraging	60	0.25	0	0.0	12	random							60	60	30	59.9			0.99	0.9869	1.0967	60	60	59	60.0			0.998	0.8571	0.9177	0.499	0.5	
runs/RBT-90/forage-7	RBT-90	600	599	yes	7	foraging	60	0.25	0	0.0	12	random							60	60	25	59.5			0.982	1.0269	1.1327	60	60	60	60.0			1.0	0.8271	0.8822	0.497	0.5	runs/RBT-105/forage-7-b0
runs/RBT-90/forage-801	RBT-90	600	599	yes	801	foraging	60	0.25	0	0.0	12	random							60	60	16	58.8			0.958	0.8397	0.9428	60	60	60	60.0			1.0	0.8491	0.9804	0.493	0.5	
runs/RBT-90/forage-804	RBT-90	600	599	yes	804	foraging	60	0.25	0	0.0	12	random							60	60	33	59.9			0.993	0.992	0.9827	60	60	60	60.0			1.0	0.8194	0.9266	0.5	0.5	
runs/RBT-90/forage-805	RBT-90	600	599	yes	805	foraging	60	0.25	0	0.0	12	random							59	60	28	59.8			0.985	1.019	1.0668	60	60	60	60.0			1.0	0.8304	0.8289	0.499	0.5	
runs/RBT-90/forage-806	RBT-90	600	599	yes	806	foraging	60	0.25	0	0.0	12	random							60	60	22	59.1			0.965	0.8611	0.9555	60	60	60	60.0			1.0	0.8674	1.0375	0.495	0.5	
runs/RBT-90/forage-807	RBT-90	600	599	yes	807	foraging	60	0.25	0	0.0	12	random							60	60	22	59.7			0.988	0.9488	1.1554	60	60	60	60.0			1.0	0.8856	1.0428	0.499	0.5	
runs/RBT-92/cull-1	RBT-92	600	599	yes	1	foraging	60	0.25	0	0.0	12	random		holistic=2,conventional=0@382					60	60	16	59.1			0.967	1.0454	1.258	60	60	60	60.0			1.0	0.7615	0.7531	0.495	0.5	
runs/RBT-92/cull-2	RBT-92	600	599	yes	2	foraging	60	0.25	0	0.0	12	random		holistic=0,conventional=2@382					60	60	19	59.2			0.968	0.9257	1.0297	60	60	60	60.0			1.0	0.8509	0.9001	0.495	0.5	runs/RBT-101/cull-2
runs/RBT-92/cull-3	RBT-92	600	599	yes	3	foraging	60	0.25	0	0.0	12	random		holistic=0,conventional=6@352					60	60	30	59.6			0.983	0.9792	1.0192	60	60	60	60.0			1.0	0.7724	0.8286	0.498	0.5	
runs/RBT-92/cull-4	RBT-92	600	599	yes	4	foraging	60	0.25	0	0.0	12	random		holistic=3,conventional=1@355					60	60	30	59.9			0.99	0.9891	1.23	60	60	59	60.0			0.998	0.8362	0.8124	0.499	0.5	
runs/RBT-92/cull-801	RBT-92	600	599	yes	801	foraging	60	0.25	0	0.0	12	random		holistic=1,conventional=0@361					60	60	16	58.8			0.958	0.8126	0.9055	60	60	60	60.0			1.0	0.8491	0.9804	0.493	0.5	
runs/RBT-92/cull-804	RBT-92	600	599	yes	804	foraging	60	0.25	0	0.0	12	random		holistic=1,conventional=10@358					60	60	33	59.9			0.993	1.0127	1.1277	60	60	60	60.0			1.0	0.8577	1.0525	0.5	0.5	
runs/RBT-92/cull-807	RBT-92	600	599	yes	807	foraging	60	0.25	0	0.0	12	random		holistic=0,conventional=3@360					60	60	22	59.7			0.988	0.9488	1.1554	60	60	60	60.0			1.0	0.859	0.9322	0.499	0.5	
runs/RBT-92/cull20-1	RBT-92	600	599	yes	1	foraging	60	0.25	0	0.0	12	random		holistic=20,conventional=20@382					60	60	16	59.1			0.967	1.0412	1.1731	60	60	60	60.0			1.0	0.7946	0.8591	0.495	0.5	
runs/RBT-92/cull20-2	RBT-92	600	599	yes	2	foraging	60	0.25	0	0.0	12	random		holistic=20,conventional=20@382					60	60	19	59.2			0.968	0.9991	1.1935	60	60	60	60.0			1.0	0.872	0.9508	0.495	0.5	
runs/RBT-92/cull20-3	RBT-92	600	599	yes	3	foraging	60	0.25	0	0.0	12	random		holistic=20,conventional=20@352					60	60	30	59.6			0.983	1.052	1.3362	60	60	60	60.0			1.0	0.7729	0.7641	0.498	0.5	
runs/RBT-92/cull20-4	RBT-92	600	599	yes	4	foraging	60	0.25	0	0.0	12	random		holistic=20,conventional=20@355					60	60	30	59.9			0.99	0.9873	1.1108	60	60	59	60.0			0.998	0.8348	0.8229	0.499	0.5	
runs/RBT-92/cull20-7	RBT-92	600	599	yes	7	foraging	60	0.25	0	0.0	12	random		holistic=20,conventional=20@354					60	60	25	59.5			0.982	1.0381	1.1987	60	60	60	60.0			1.0	0.8356	0.8869	0.497	0.5	
runs/RBT-92/cull20-801	RBT-92	600	599	yes	801	foraging	60	0.25	0	0.0	12	random		holistic=20,conventional=20@361					60	60	16	58.8			0.958	0.808	0.8862	60	60	60	60.0			1.0	0.8563	0.977	0.493	0.5	
runs/RBT-92/cull20-804	RBT-92	600	599	yes	804	foraging	60	0.25	0	0.0	12	random		holistic=20,conventional=20@358					60	60	33	59.9			0.993	1.0059	0.9618	60	60	60	60.0			1.0	0.8075	0.9261	0.5	0.5	
runs/RBT-92/cull20-805	RBT-92	600	599	yes	805	foraging	60	0.25	0	0.0	12	random		holistic=20,conventional=20@359					59	60	28	59.8			0.985	1.0345	1.1992	60	60	60	60.0			1.0	0.8376	0.8526	0.499	0.5	
runs/RBT-92/cull20-806	RBT-92	600	599	yes	806	foraging	60	0.25	0	0.0	12	random		holistic=20,conventional=20@365					60	60	22	59.1			0.965	0.8917	1.0241	60	60	60	60.0			1.0	0.8729	1.015	0.495	0.5	
runs/RBT-92/cull20-807	RBT-92	600	599	yes	807	foraging	60	0.25	0	0.0	12	random		holistic=20,conventional=20@360					60	60	22	59.7			0.988	0.9275	1.0218	60	60	60	60.0			1.0	0.8565	0.8855	0.499	0.5	
runs/RBT-92/shift-1	RBT-92	600	599	yes	1	foraging	60	0.25	0	0.0	12	random	group-size=8@382						60	60	16	59.1			0.967	0.9915	1.1081	60	60	60	60.0			1.0	0.7562	0.7546	0.495	0.5	
runs/RBT-92/shift-2	RBT-92	600	599	yes	2	foraging	60	0.25	0	0.0	12	random	group-size=8@382						60	60	19	59.2			0.968	0.976	1.1703	60	60	60	60.0			1.0	0.8528	0.9533	0.495	0.5	
runs/RBT-92/shift-3	RBT-92	600	599	yes	3	foraging	60	0.25	0	0.0	12	random	group-size=8@352						60	60	30	59.6			0.983	0.9611	1.0531	60	60	60	60.0			1.0	0.784	0.8295	0.498	0.5	
runs/RBT-92/shift-4	RBT-92	600	599	yes	4	foraging	60	0.25	0	0.0	12	random	group-size=8@355						60	60	30	59.9			0.99	0.9619	1.0127	60	60	59	60.0			0.998	0.8121	0.7909	0.499	0.5	
runs/RBT-92/shift-7	RBT-92	600	599	yes	7	foraging	60	0.25	0	0.0	12	random	group-size=8@354						60	60	25	59.5			0.982	1.0156	1.1795	60	60	60	60.0			1.0	0.79	0.7388	0.497	0.5	
runs/RBT-92/shift-801	RBT-92	600	599	yes	801	foraging	60	0.25	0	0.0	12	random	group-size=8@361						60	60	16	58.8			0.958	0.7825	0.8123	60	60	60	60.0			1.0	0.8432	0.9439	0.493	0.5	
runs/RBT-92/shift-804	RBT-92	600	599	yes	804	foraging	60	0.25	0	0.0	12	random	group-size=8@358						60	60	33	59.9			0.993	0.9924	1.0492	60	60	60	60.0			1.0	0.8049	0.8821	0.5	0.5	
runs/RBT-92/shift-805	RBT-92	600	599	yes	805	foraging	60	0.25	0	0.0	12	random	group-size=8@359						59	60	28	59.8			0.985	1.0069	1.0998	60	60	60	60.0			1.0	0.8242	0.8715	0.499	0.5	
runs/RBT-92/shift-806	RBT-92	600	599	yes	806	foraging	60	0.25	0	0.0	12	random	group-size=8@365						60	60	22	59.1			0.965	0.8817	1.0061	60	60	60	60.0			1.0	0.8485	0.9176	0.495	0.5	
runs/RBT-92/shift-807	RBT-92	600	599	yes	807	foraging	60	0.25	0	0.0	12	random	group-size=8@360						60	60	22	59.7			0.988	0.9206	1.0129	60	60	60	60.0			1.0	0.8354	0.9222	0.499	0.5	
runs/RBT-99/cull-1	RBT-99	600	599	yes	1	foraging	60	0.25	0	0.0	12	random		holistic=3,conventional=63@382					60	60	16	59.1			0.967	1.0374	1.194	60	0	0	38.2	382	382	0.637	0.7685		0.676	1.0	
runs/RBT-99/cull-2	RBT-99	600	599	yes	2	foraging	60	0.25	0	0.0	12	random		holistic=1,conventional=41@382					60	60	19	59.2			0.968	0.9498	1.0678	60	60	38	60.0			0.997	0.8557	0.9048	0.496	0.5	
runs/RBT-99/cull-3	RBT-99	600	599	yes	3	foraging	60	0.25	0	0.0	12	random		holistic=10,conventional=69@352					60	60	30	59.6			0.983	0.971	1.0288	60	0	0	35.2	352	352	0.587	0.7672		0.705	1.0	
runs/RBT-99/cull-4	RBT-99	600	599	yes	4	foraging	60	0.25	0	0.0	12	random		holistic=0,conventional=32@355					60	60	30	59.9			0.99	0.9869	1.0967	60	60	55	60.0			0.997	0.8476	0.8452	0.499	0.5	
runs/RBT-99/cull-7	RBT-99	600	599	yes	7	foraging	60	0.25	0	0.0	12	random		holistic=0,conventional=27@354					60	60	25	59.5			0.982	1.0269	1.1327	60	60	60	60.0			1.0	0.8072	0.8289	0.497	0.5	
runs/RBT-99/cull-801	RBT-99	600	599	yes	801	foraging	60	0.25	0	0.0	12	random		holistic=20,conventional=33@361					60	60	16	58.8			0.958	0.808	0.8862	60	60	53	60.0			0.998	0.8324	0.8793	0.493	0.5	
runs/RBT-99/cull-804	RBT-99	600	599	yes	804	foraging	60	0.25	0	0.0	12	random		holistic=0,conventional=36@358					60	60	33	59.9			0.993	0.992	0.9827	60	60	45	60.0			0.998	0.8173	0.9235	0.5	0.5	
runs/RBT-99/cull-805	RBT-99	600	599	yes	805	foraging	60	0.25	0	0.0	12	random		holistic=1,conventional=42@359					59	60	28	59.8			0.985	1.0386	1.2084	60	60	33	59.9			0.997	0.8366	0.8337	0.499	0.5	
runs/RBT-99/cull-806	RBT-99	600	599	yes	806	foraging	60	0.25	0	0.0	12	random		holistic=2,conventional=78@365					60	60	22	59.1			0.965	0.8985	1.0432	60	0	0	36.5	365	365	0.608	0.8131		0.691	1.0	
runs/RBT-99/cull-807	RBT-99	600	599	yes	807	foraging	60	0.25	0	0.0	12	random		holistic=2,conventional=43@360					60	60	22	59.7			0.988	0.9474	1.1353	60	60	32	59.9			0.997	0.8532	0.9018	0.499	0.5	
runs/RBT-99/shift-1	RBT-99	600	599	yes	1	foraging	60	0.25	0	0.0	12	random	work-cost=0.08@382						60	60	16	59.1			0.967	1.0197	1.143	60	60	38	59.5			0.962	0.6937	0.5557	0.497	0.5	
runs/RBT-99/shift-2	RBT-99	600	599	yes	2	foraging	60	0.25	0	0.0	12	random	work-cost=0.08@382						60	60	19	59.2			0.968	0.9167	0.9767	60	0	0	43.1	471	440	0.688	0.7834		0.631	1.0	
runs/RBT-99/shift-3	RBT-99	600	599	yes	3	foraging	60	0.25	0	0.0	12	random	work-cost=0.08@352						60	60	30	59.6			0.983	0.9097	0.876	60	60	4	53.4		404	0.84	0.6823	0.5872	0.543	0.5	
runs/RBT-99/shift-4	RBT-99	600	599	yes	4	foraging	60	0.25	0	0.0	12	random	work-cost=0.08@355						60	60	30	59.9			0.99	0.9898	1.2581	60	60	51	60.0			0.988	0.7138	0.5512	0.5	0.5	
runs/RBT-99/shift-7	RBT-99	600	599	yes	7	foraging	60	0.25	0	0.0	12	random	work-cost=0.08@354						60	60	25	59.5			0.982	0.9929	1.0242	60	60	30	59.4			0.957	0.7202	0.631	0.501	0.5	
runs/RBT-99/shift-801	RBT-99	600	599	yes	801	foraging	60	0.25	0	0.0	12	random	work-cost=0.08@361						60	60	16	58.8			0.958	0.7993	0.9644	60	60	59	60.0			0.998	0.7592	0.7276	0.493	0.5	
runs/RBT-99/shift-804	RBT-99	600	599	yes	804	foraging	60	0.25	0	0.0	12	random	work-cost=0.08@358						60	60	33	59.9			0.993	0.9575	0.9942	60	60	50	59.9			0.978	0.707	0.6407	0.5	0.5	
runs/RBT-99/shift-805	RBT-99	600	599	yes	805	foraging	60	0.25	0	0.0	12	random	work-cost=0.08@359						59	60	28	59.8			0.985	0.992	0.9884	60	60	44	59.8			0.98	0.7187	0.5582	0.5	0.5	
runs/RBT-99/shift-806	RBT-99	600	599	yes	806	foraging	60	0.25	0	0.0	12	random	work-cost=0.08@365						60	60	22	59.1			0.965	0.8587	0.8592	60	0	0	39.6	432	410	0.642	0.7722		0.661	1.0	
runs/RBT-99/shift-807	RBT-99	600	599	yes	807	foraging	60	0.25	0	0.0	12	random	work-cost=0.08@360						60	60	22	59.7			0.988	0.8837	0.9559	60	0	0	43.4	466	456	0.675	0.7722		0.631	1.0	
