branch	mujoco	resumes_mujoco	numpy	python	sha
rbt-129-stage1-c0-p010-HP-G-129001-S	3.14.0	3.14.0	2.4.6	3.11.15	02bf3b64f3795bd232c835bba6b011e9b8f98b49
rbt-129-stage1-c0-p010-HP-G-129001-ckpt60	3.14.0		2.4.6	3.11.15	02bf3b64f3795bd232c835bba6b011e9b8f98b49
rbt-129-stage1-c0-p010-HP-G-129002-S	3.14.0	3.14.0	2.4.6	3.11.15	830450efe3555b084bc70a86fcfa688b5ecb974b
rbt-129-stage1-c0-p010-HP-G-129002-ckpt60	3.14.0		2.4.6	3.11.15	830450efe3555b084bc70a86fcfa688b5ecb974b
rbt-129-stage1-c0-p010-HP-G-129002-ksalt	MISSING				
rbt-129-stage1-c0-p010-HP-G-129003-S	3.14.0	3.14.0	2.4.6	3.11.15	830450efe3555b084bc70a86fcfa688b5ecb974b
rbt-129-stage1-c0-p010-HP-G-129003-ckpt60	3.14.0		2.4.6	3.11.15	830450efe3555b084bc70a86fcfa688b5ecb974b
rbt-129-stage1-c0-p010-HP-G-129003-ksalt	MISSING				
rbt-129-stage1-c0-p010-HP-G-129004-S	3.14.0	3.14.0	2.4.6	3.11.15	830450efe3555b084bc70a86fcfa688b5ecb974b
rbt-129-stage1-c0-p010-HP-G-129004-ckpt60	3.14.0		2.4.6	3.11.15	830450efe3555b084bc70a86fcfa688b5ecb974b
rbt-129-stage1-c0-p010-HP-G-129005-S	3.14.0	3.14.0,3.14.0	2.4.6	3.11.15	830450efe3555b084bc70a86fcfa688b5ecb974b
rbt-129-stage1-c0-p010-HP-G-129005-ckpt60	3.14.0		2.4.6	3.11.15	830450efe3555b084bc70a86fcfa688b5ecb974b
rbt-129-stage1-c0-p010-HP-G-129006-S	3.14.0	3.14.0	2.4.6	3.11.15	830450efe3555b084bc70a86fcfa688b5ecb974b
rbt-129-stage1-c0-p010-HP-G-129006-ckpt60	3.14.0		2.4.6	3.11.15	830450efe3555b084bc70a86fcfa688b5ecb974b
rbt-129-stage1-c0-p010-HP-G-129007-S	3.14.0	3.14.0	2.4.6	3.11.15	830450efe3555b084bc70a86fcfa688b5ecb974b
rbt-129-stage1-c0-p010-HP-G-129007-ckpt60	3.14.0		2.4.6	3.11.15	830450efe3555b084bc70a86fcfa688b5ecb974b
rbt-129-stage1-c0-p010-HP-G-129008-S	3.14.0	3.14.0,3.14.0	2.4.6	3.11.15	830450efe3555b084bc70a86fcfa688b5ecb974b
rbt-129-stage1-c0-p010-HP-G-129008-ckpt60	3.14.0		2.4.6	3.11.15	830450efe3555b084bc70a86fcfa688b5ecb974b
rbt-129-stage1-c0-p010-PW-G-129001-S	3.14.0	3.14.0	2.4.6	3.11.15	02bf3b64f3795bd232c835bba6b011e9b8f98b49
rbt-129-stage1-c0-p010-PW-G-129001-ckpt60	3.14.0		2.4.6	3.11.15	02bf3b64f3795bd232c835bba6b011e9b8f98b49
rbt-129-stage1-c0-p010-PW-G-129002-S	3.14.0	3.14.0	2.4.6	3.11.15	830450efe3555b084bc70a86fcfa688b5ecb974b
rbt-129-stage1-c0-p010-PW-G-129002-ckpt60	3.14.0		2.4.6	3.11.15	830450efe3555b084bc70a86fcfa688b5ecb974b
rbt-129-stage1-c0-p010-PW-G-129002-ksalt	MISSING				
rbt-129-stage1-c0-p010-PW-G-129003-S	3.14.0	3.14.0	2.4.6	3.11.15	830450efe3555b084bc70a86fcfa688b5ecb974b
rbt-129-stage1-c0-p010-PW-G-129003-ckpt60	3.14.0		2.4.6	3.11.15	830450efe3555b084bc70a86fcfa688b5ecb974b
rbt-129-stage1-c0-p010-PW-G-129003-ksalt	MISSING				
rbt-129-stage1-c0-p010-PW-G-129004-S	3.14.0	3.14.0	2.4.6	3.11.15	830450efe3555b084bc70a86fcfa688b5ecb974b
rbt-129-stage1-c0-p010-PW-G-129004-ckpt60	3.14.0		2.4.6	3.11.15	830450efe3555b084bc70a86fcfa688b5ecb974b
rbt-129-stage1-c0-p010-PW-G-129005-M	3.14.0	3.14.0,3.14.0,3.14.0	2.4.6	3.11.15	830450efe3555b084bc70a86fcfa688b5ecb974b
rbt-129-stage1-c0-p010-PW-G-129005-S	3.14.0	3.14.0,3.14.0,3.14.0	2.4.6	3.11.15	830450efe3555b084bc70a86fcfa688b5ecb974b
rbt-129-stage1-c0-p010-PW-G-129005-ckpt60	3.14.0	3.14.0	2.4.6	3.11.15	830450efe3555b084bc70a86fcfa688b5ecb974b
rbt-129-stage1-c0-p010-PW-G-129006-S	3.14.0	3.14.0	2.4.6	3.11.15	830450efe3555b084bc70a86fcfa688b5ecb974b
rbt-129-stage1-c0-p010-PW-G-129006-ckpt60	3.14.0		2.4.6	3.11.15	830450efe3555b084bc70a86fcfa688b5ecb974b
rbt-129-stage1-c0-p010-PW-G-129007-S	3.14.0	3.14.0	2.4.6	3.11.15	830450efe3555b084bc70a86fcfa688b5ecb974b
rbt-129-stage1-c0-p010-PW-G-129007-ckpt60	3.14.0		2.4.6	3.11.15	830450efe3555b084bc70a86fcfa688b5ecb974b
rbt-129-stage1-c0-p010-PW-G-129008-S	3.14.0	3.14.0	2.4.6	3.11.15	830450efe3555b084bc70a86fcfa688b5ecb974b
rbt-129-stage1-c0-p010-PW-G-129008-ckpt60	3.14.0		2.4.6	3.11.15	830450efe3555b084bc70a86fcfa688b5ecb974b
rbt-129-stage1-c0-p010-U-G-129001-S	3.14.0	3.14.0	2.4.6	3.11.15	02bf3b64f3795bd232c835bba6b011e9b8f98b49
rbt-129-stage1-c0-p010-U-G-129001-ckpt60	3.14.0		2.4.6	3.11.15	02bf3b64f3795bd232c835bba6b011e9b8f98b49
rbt-129-stage1-c0-p010-U-G-129002-S	3.14.0	3.14.0	2.4.6	3.11.15	830450efe3555b084bc70a86fcfa688b5ecb974b
rbt-129-stage1-c0-p010-U-G-129002-ckpt60	3.14.0		2.4.6	3.11.15	830450efe3555b084bc70a86fcfa688b5ecb974b
rbt-129-stage1-c0-p010-U-G-129002-ksalt	MISSING				
rbt-129-stage1-c0-p010-U-G-129003-S	3.14.0	3.14.0	2.4.6	3.11.15	830450efe3555b084bc70a86fcfa688b5ecb974b
rbt-129-stage1-c0-p010-U-G-129003-ckpt60	3.14.0		2.4.6	3.11.15	830450efe3555b084bc70a86fcfa688b5ecb974b
rbt-129-stage1-c0-p010-U-G-129003-ksalt	MISSING				
rbt-129-stage1-c0-p010-U-G-129004-S	3.14.0	3.14.0,3.14.0	2.4.6	3.11.15	830450efe3555b084bc70a86fcfa688b5ecb974b
rbt-129-stage1-c0-p010-U-G-129004-ckpt60	3.14.0		2.4.6	3.11.15	830450efe3555b084bc70a86fcfa688b5ecb974b
rbt-129-stage1-c0-p010-U-G-129005-S	3.14.0	3.14.0,3.14.0,3.14.0	2.4.6	3.11.15	830450efe3555b084bc70a86fcfa688b5ecb974b
rbt-129-stage1-c0-p010-U-G-129005-ckpt60	3.14.0	3.14.0	2.4.6	3.11.15	830450efe3555b084bc70a86fcfa688b5ecb974b
rbt-129-stage1-c0-p010-U-G-129006-S	3.14.0	3.14.0,3.14.0	2.4.6	3.11.15	830450efe3555b084bc70a86fcfa688b5ecb974b
rbt-129-stage1-c0-p010-U-G-129006-ckpt60	3.14.0		2.4.6	3.11.15	830450efe3555b084bc70a86fcfa688b5ecb974b
rbt-129-stage1-c0-p010-U-G-129007-S	3.14.0	3.14.0	2.4.6	3.11.15	830450efe3555b084bc70a86fcfa688b5ecb974b
rbt-129-stage1-c0-p010-U-G-129007-ckpt60	3.14.0		2.4.6	3.11.15	830450efe3555b084bc70a86fcfa688b5ecb974b
rbt-129-stage1-c0-p010-U-G-129008-S	3.14.0	3.14.0,3.14.0	2.4.6	3.11.15	830450efe3555b084bc70a86fcfa688b5ecb974b
rbt-129-stage1-c0-p010-U-G-129008-ckpt60	3.14.0		2.4.6	3.11.15	830450efe3555b084bc70a86fcfa688b5ecb974b
rbt-129-stage1-c0-p030-HP-G-129001-S	3.14.0	3.14.0	2.4.6	3.11.15	02bf3b64f3795bd232c835bba6b011e9b8f98b49
rbt-129-stage1-c0-p030-HP-G-129001-ckpt60	3.14.0		2.4.6	3.11.15	02bf3b64f3795bd232c835bba6b011e9b8f98b49
rbt-129-stage1-c0-p030-HP-G-129002-S	3.14.0	3.14.0	2.4.6	3.11.15	830450efe3555b084bc70a86fcfa688b5ecb974b
rbt-129-stage1-c0-p030-HP-G-129002-ckpt60	3.14.0		2.4.6	3.11.15	830450efe3555b084bc70a86fcfa688b5ecb974b
rbt-129-stage1-c0-p030-HP-G-129002-ksalt	MISSING				
rbt-129-stage1-c0-p030-HP-G-129003-S	3.14.0	3.14.0,3.14.0	2.4.6	3.11.15	830450efe3555b084bc70a86fcfa688b5ecb974b
rbt-129-stage1-c0-p030-HP-G-129003-ckpt60	3.14.0		2.4.6	3.11.15	830450efe3555b084bc70a86fcfa688b5ecb974b
rbt-129-stage1-c0-p030-HP-G-129003-ksalt	MISSING				
rbt-129-stage1-c0-p030-HP-G-129004-S	3.14.0	3.14.0,3.14.0	2.4.6	3.11.15	830450efe3555b084bc70a86fcfa688b5ecb974b
rbt-129-stage1-c0-p030-HP-G-129004-ckpt60	3.14.0		2.4.6	3.11.15	830450efe3555b084bc70a86fcfa688b5ecb974b
rbt-129-stage1-c0-p030-HP-G-129005-S	3.14.0	3.14.0,3.14.0	2.4.6	3.11.15	830450efe3555b084bc70a86fcfa688b5ecb974b
rbt-129-stage1-c0-p030-HP-G-129005-ckpt60	3.14.0		2.4.6	3.11.15	830450efe3555b084bc70a86fcfa688b5ecb974b
rbt-129-stage1-c0-p030-HP-G-129006-S	3.14.0	3.14.0,3.14.0	2.4.6	3.11.15	830450efe3555b084bc70a86fcfa688b5ecb974b
rbt-129-stage1-c0-p030-HP-G-129006-ckpt60	3.14.0		2.4.6	3.11.15	830450efe3555b084bc70a86fcfa688b5ecb974b
rbt-129-stage1-c0-p030-HP-G-129007-S	3.14.0	3.14.0,3.14.0	2.4.6	3.11.15	830450efe3555b084bc70a86fcfa688b5ecb974b
rbt-129-stage1-c0-p030-HP-G-129007-ckpt60	3.14.0	3.14.0	2.4.6	3.11.15	830450efe3555b084bc70a86fcfa688b5ecb974b
rbt-129-stage1-c0-p030-HP-G-129008-S	3.14.0	3.14.0,3.14.0	2.4.6	3.11.15	830450efe3555b084bc70a86fcfa688b5ecb974b
rbt-129-stage1-c0-p030-HP-G-129008-ckpt60	3.14.0		2.4.6	3.11.15	830450efe3555b084bc70a86fcfa688b5ecb974b
rbt-129-stage1-c0-p030-PW-G-129001-M	3.14.0	3.14.0	2.4.6	3.11.15	02bf3b64f3795bd232c835bba6b011e9b8f98b49
rbt-129-stage1-c0-p030-PW-G-129001-N	3.14.0	3.14.0,3.14.0	2.4.6	3.11.15	02bf3b64f3795bd232c835bba6b011e9b8f98b49
rbt-129-stage1-c0-p030-PW-G-129001-S	3.14.0	3.14.0	2.4.6	3.11.15	02bf3b64f3795bd232c835bba6b011e9b8f98b49
rbt-129-stage1-c0-p030-PW-G-129001-ckpt60	3.14.0		2.4.6	3.11.15	02bf3b64f3795bd232c835bba6b011e9b8f98b49
rbt-129-stage1-c0-p030-PW-G-129002-S	3.14.0	3.14.0	2.4.6	3.11.15	830450efe3555b084bc70a86fcfa688b5ecb974b
rbt-129-stage1-c0-p030-PW-G-129002-ckpt60	3.14.0		2.4.6	3.11.15	830450efe3555b084bc70a86fcfa688b5ecb974b
rbt-129-stage1-c0-p030-PW-G-129002-ksalt	MISSING				
rbt-129-stage1-c0-p030-PW-G-129003-S	3.14.0	3.14.0,3.14.0	2.4.6	3.11.15	830450efe3555b084bc70a86fcfa688b5ecb974b
rbt-129-stage1-c0-p030-PW-G-129003-ckpt60	3.14.0		2.4.6	3.11.15	830450efe3555b084bc70a86fcfa688b5ecb974b
rbt-129-stage1-c0-p030-PW-G-129003-ksalt	MISSING				
rbt-129-stage1-c0-p030-PW-G-129004-S	3.14.0	3.14.0,3.14.0	2.4.6	3.11.15	830450efe3555b084bc70a86fcfa688b5ecb974b
rbt-129-stage1-c0-p030-PW-G-129004-ckpt60	3.14.0		2.4.6	3.11.15	830450efe3555b084bc70a86fcfa688b5ecb974b
rbt-129-stage1-c0-p030-PW-G-129005-M	3.14.0	3.14.0	2.4.6	3.11.15	830450efe3555b084bc70a86fcfa688b5ecb974b
rbt-129-stage1-c0-p030-PW-G-129005-N	3.14.0	3.14.0,3.14.0	2.4.6	3.11.15	830450efe3555b084bc70a86fcfa688b5ecb974b
rbt-129-stage1-c0-p030-PW-G-129005-S	3.14.0	3.14.0,3.14.0	2.4.6	3.11.15	830450efe3555b084bc70a86fcfa688b5ecb974b
rbt-129-stage1-c0-p030-PW-G-129005-ckpt60	3.14.0		2.4.6	3.11.15	830450efe3555b084bc70a86fcfa688b5ecb974b
rbt-129-stage1-c0-p030-PW-G-129006-S	3.14.0	3.14.0	2.4.6	3.11.15	830450efe3555b084bc70a86fcfa688b5ecb974b
rbt-129-stage1-c0-p030-PW-G-129006-ckpt60	3.14.0		2.4.6	3.11.15	830450efe3555b084bc70a86fcfa688b5ecb974b
rbt-129-stage1-c0-p030-PW-G-129007-S	3.14.0	3.14.0	2.4.6	3.11.15	830450efe3555b084bc70a86fcfa688b5ecb974b
rbt-129-stage1-c0-p030-PW-G-129007-ckpt60	3.14.0		2.4.6	3.11.15	830450efe3555b084bc70a86fcfa688b5ecb974b
rbt-129-stage1-c0-p030-PW-G-129008-S	3.14.0	3.14.0	2.4.6	3.11.15	830450efe3555b084bc70a86fcfa688b5ecb974b
rbt-129-stage1-c0-p030-PW-G-129008-ckpt60	3.14.0		2.4.6	3.11.15	830450efe3555b084bc70a86fcfa688b5ecb974b
rbt-129-stage1-c0-p030-U-G-129001-S	3.14.0	3.14.0,3.14.0	2.4.6	3.11.15	02bf3b64f3795bd232c835bba6b011e9b8f98b49
rbt-129-stage1-c0-p030-U-G-129001-ckpt60	3.14.0		2.4.6	3.11.15	02bf3b64f3795bd232c835bba6b011e9b8f98b49
rbt-129-stage1-c0-p030-U-G-129002-S	3.14.0	3.14.0	2.4.6	3.11.15	830450efe3555b084bc70a86fcfa688b5ecb974b
rbt-129-stage1-c0-p030-U-G-129002-ckpt60	3.14.0		2.4.6	3.11.15	830450efe3555b084bc70a86fcfa688b5ecb974b
rbt-129-stage1-c0-p030-U-G-129002-ksalt	MISSING				
rbt-129-stage1-c0-p030-U-G-129003-S	3.14.0	3.14.0	2.4.6	3.11.15	830450efe3555b084bc70a86fcfa688b5ecb974b
rbt-129-stage1-c0-p030-U-G-129003-ckpt60	3.14.0		2.4.6	3.11.15	830450efe3555b084bc70a86fcfa688b5ecb974b
rbt-129-stage1-c0-p030-U-G-129003-ksalt	MISSING				
rbt-129-stage1-c0-p030-U-G-129004-S	3.14.0	3.14.0	2.4.6	3.11.15	830450efe3555b084bc70a86fcfa688b5ecb974b
rbt-129-stage1-c0-p030-U-G-129004-ckpt60	3.14.0		2.4.6	3.11.15	830450efe3555b084bc70a86fcfa688b5ecb974b
rbt-129-stage1-c0-p030-U-G-129005-S	3.14.0	3.14.0,3.14.0	2.4.6	3.11.15	830450efe3555b084bc70a86fcfa688b5ecb974b
rbt-129-stage1-c0-p030-U-G-129005-ckpt60	3.14.0		2.4.6	3.11.15	830450efe3555b084bc70a86fcfa688b5ecb974b
rbt-129-stage1-c0-p030-U-G-129006-S	3.14.0	3.14.0,3.14.0	2.4.6	3.11.15	830450efe3555b084bc70a86fcfa688b5ecb974b
rbt-129-stage1-c0-p030-U-G-129006-ckpt60	3.14.0		2.4.6	3.11.15	830450efe3555b084bc70a86fcfa688b5ecb974b
rbt-129-stage1-c0-p030-U-G-129007-S	3.14.0	3.14.0,3.14.0	2.4.6	3.11.15	830450efe3555b084bc70a86fcfa688b5ecb974b
rbt-129-stage1-c0-p030-U-G-129007-ckpt60	3.14.0	3.14.0	2.4.6	3.11.15	830450efe3555b084bc70a86fcfa688b5ecb974b
rbt-129-stage1-c0-p030-U-G-129008-S	3.14.0	3.14.0,3.14.0	2.4.6	3.11.15	830450efe3555b084bc70a86fcfa688b5ecb974b
rbt-129-stage1-c0-p030-U-G-129008-ckpt60	3.14.0		2.4.6	3.11.15	830450efe3555b084bc70a86fcfa688b5ecb974b
rbt-129-stage1-c0-p080-HP-G-129001-S	3.14.0	3.14.0	2.4.6	3.11.15	02bf3b64f3795bd232c835bba6b011e9b8f98b49
rbt-129-stage1-c0-p080-HP-G-129001-ckpt60	3.14.0		2.4.6	3.11.15	02bf3b64f3795bd232c835bba6b011e9b8f98b49
rbt-129-stage1-c0-p080-HP-G-129002-S	3.14.0	3.14.0,3.14.0	2.4.6	3.11.15	830450efe3555b084bc70a86fcfa688b5ecb974b
rbt-129-stage1-c0-p080-HP-G-129002-ckpt60	3.14.0		2.4.6	3.11.15	830450efe3555b084bc70a86fcfa688b5ecb974b
rbt-129-stage1-c0-p080-HP-G-129002-ksalt	MISSING				
rbt-129-stage1-c0-p080-HP-G-129003-S	3.14.0	3.14.0,3.14.0	2.4.6	3.11.15	830450efe3555b084bc70a86fcfa688b5ecb974b
rbt-129-stage1-c0-p080-HP-G-129003-ckpt60	3.14.0		2.4.6	3.11.15	830450efe3555b084bc70a86fcfa688b5ecb974b
rbt-129-stage1-c0-p080-HP-G-129003-ksalt	MISSING				
rbt-129-stage1-c0-p080-HP-G-129004-S	3.14.0	3.14.0,3.14.0	2.4.6	3.11.15	830450efe3555b084bc70a86fcfa688b5ecb974b
rbt-129-stage1-c0-p080-HP-G-129004-ckpt60	3.14.0		2.4.6	3.11.15	830450efe3555b084bc70a86fcfa688b5ecb974b
rbt-129-stage1-c0-p080-HP-G-129005-S	3.14.0	3.14.0,3.14.0	2.4.6	3.11.15	830450efe3555b084bc70a86fcfa688b5ecb974b
rbt-129-stage1-c0-p080-HP-G-129005-ckpt60	3.14.0		2.4.6	3.11.15	830450efe3555b084bc70a86fcfa688b5ecb974b
rbt-129-stage1-c0-p080-HP-G-129006-S	3.14.0	3.14.0	2.4.6	3.11.15	830450efe3555b084bc70a86fcfa688b5ecb974b
rbt-129-stage1-c0-p080-HP-G-129006-ckpt60	3.14.0		2.4.6	3.11.15	830450efe3555b084bc70a86fcfa688b5ecb974b
rbt-129-stage1-c0-p080-HP-G-129007-S	3.14.0	3.14.0,3.14.0	2.4.6	3.11.15	830450efe3555b084bc70a86fcfa688b5ecb974b
rbt-129-stage1-c0-p080-HP-G-129007-ckpt60	3.14.0		2.4.6	3.11.15	830450efe3555b084bc70a86fcfa688b5ecb974b
rbt-129-stage1-c0-p080-HP-G-129008-S	3.14.0	3.14.0,3.14.0	2.4.6	3.11.15	830450efe3555b084bc70a86fcfa688b5ecb974b
rbt-129-stage1-c0-p080-HP-G-129008-ckpt60	3.14.0		2.4.6	3.11.15	830450efe3555b084bc70a86fcfa688b5ecb974b
rbt-129-stage1-c0-p080-PW-G-129001-S	3.14.0	3.14.0	2.4.6	3.11.15	02bf3b64f3795bd232c835bba6b011e9b8f98b49
rbt-129-stage1-c0-p080-PW-G-129001-ckpt60	3.14.0		2.4.6	3.11.15	02bf3b64f3795bd232c835bba6b011e9b8f98b49
rbt-129-stage1-c0-p080-PW-G-129002-S	3.14.0		2.4.6	3.11.15	830450efe3555b084bc70a86fcfa688b5ecb974b
rbt-129-stage1-c0-p080-PW-G-129002-ckpt60	MISSING				
rbt-129-stage1-c0-p080-PW-G-129002-ksalt	MISSING				
rbt-129-stage1-c0-p080-PW-G-129003-S	3.14.0	3.14.0	2.4.6	3.11.15	830450efe3555b084bc70a86fcfa688b5ecb974b
rbt-129-stage1-c0-p080-PW-G-129003-ckpt60	3.14.0		2.4.6	3.11.15	830450efe3555b084bc70a86fcfa688b5ecb974b
rbt-129-stage1-c0-p080-PW-G-129003-ksalt	MISSING				
rbt-129-stage1-c0-p080-PW-G-129004-S	3.14.0		2.4.6	3.11.15	830450efe3555b084bc70a86fcfa688b5ecb974b
rbt-129-stage1-c0-p080-PW-G-129004-ckpt60	MISSING				
rbt-129-stage1-c0-p080-PW-G-129005-S	3.14.0	3.14.0,3.14.0	2.4.6	3.11.15	830450efe3555b084bc70a86fcfa688b5ecb974b
rbt-129-stage1-c0-p080-PW-G-129005-ckpt60	3.14.0		2.4.6	3.11.15	830450efe3555b084bc70a86fcfa688b5ecb974b
rbt-129-stage1-c0-p080-PW-G-129006-S	3.14.0	3.14.0	2.4.6	3.11.15	830450efe3555b084bc70a86fcfa688b5ecb974b
rbt-129-stage1-c0-p080-PW-G-129006-ckpt60	3.14.0		2.4.6	3.11.15	830450efe3555b084bc70a86fcfa688b5ecb974b
rbt-129-stage1-c0-p080-PW-G-129007-S	3.14.0		2.4.6	3.11.15	830450efe3555b084bc70a86fcfa688b5ecb974b
rbt-129-stage1-c0-p080-PW-G-129007-ckpt60	MISSING				
rbt-129-stage1-c0-p080-PW-G-129008-S	3.14.0	3.14.0	2.4.6	3.11.15	830450efe3555b084bc70a86fcfa688b5ecb974b
rbt-129-stage1-c0-p080-PW-G-129008-ckpt60	3.14.0		2.4.6	3.11.15	830450efe3555b084bc70a86fcfa688b5ecb974b
rbt-129-stage1-c0-p080-U-G-129001-S	3.14.0	3.14.0	2.4.6	3.11.15	02bf3b64f3795bd232c835bba6b011e9b8f98b49
rbt-129-stage1-c0-p080-U-G-129001-ckpt60	3.14.0		2.4.6	3.11.15	02bf3b64f3795bd232c835bba6b011e9b8f98b49
rbt-129-stage1-c0-p080-U-G-129002-S	3.14.0	3.14.0,3.14.0	2.4.6	3.11.15	830450efe3555b084bc70a86fcfa688b5ecb974b
rbt-129-stage1-c0-p080-U-G-129002-ckpt60	3.14.0	3.14.0	2.4.6	3.11.15	830450efe3555b084bc70a86fcfa688b5ecb974b
rbt-129-stage1-c0-p080-U-G-129002-ksalt	MISSING				
rbt-129-stage1-c0-p080-U-G-129003-S	3.14.0	3.14.0,3.14.0	2.4.6	3.11.15	830450efe3555b084bc70a86fcfa688b5ecb974b
rbt-129-stage1-c0-p080-U-G-129003-ckpt60	3.14.0		2.4.6	3.11.15	830450efe3555b084bc70a86fcfa688b5ecb974b
rbt-129-stage1-c0-p080-U-G-129003-ksalt	MISSING				
rbt-129-stage1-c0-p080-U-G-129004-S	3.14.0	3.14.0,3.14.0	2.4.6	3.11.15	830450efe3555b084bc70a86fcfa688b5ecb974b
rbt-129-stage1-c0-p080-U-G-129004-ckpt60	3.14.0	3.14.0	2.4.6	3.11.15	830450efe3555b084bc70a86fcfa688b5ecb974b
rbt-129-stage1-c0-p080-U-G-129005-S	3.14.0	3.14.0,3.14.0	2.4.6	3.11.15	830450efe3555b084bc70a86fcfa688b5ecb974b
rbt-129-stage1-c0-p080-U-G-129005-ckpt60	3.14.0		2.4.6	3.11.15	830450efe3555b084bc70a86fcfa688b5ecb974b
rbt-129-stage1-c0-p080-U-G-129006-S	3.14.0	3.14.0,3.14.0	2.4.6	3.11.15	830450efe3555b084bc70a86fcfa688b5ecb974b
rbt-129-stage1-c0-p080-U-G-129006-ckpt60	3.14.0		2.4.6	3.11.15	830450efe3555b084bc70a86fcfa688b5ecb974b
rbt-129-stage1-c0-p080-U-G-129007-S	3.14.0	3.14.0,3.14.0	2.4.6	3.11.15	830450efe3555b084bc70a86fcfa688b5ecb974b
rbt-129-stage1-c0-p080-U-G-129007-ckpt60	3.14.0	3.14.0	2.4.6	3.11.15	830450efe3555b084bc70a86fcfa688b5ecb974b
rbt-129-stage1-c0-p080-U-G-129008-S	3.14.0	3.14.0,3.14.0	2.4.6	3.11.15	830450efe3555b084bc70a86fcfa688b5ecb974b
rbt-129-stage1-c0-p080-U-G-129008-ckpt60	3.14.0		2.4.6	3.11.15	830450efe3555b084bc70a86fcfa688b5ecb974b
rbt-129-stage1-c1-p010-HP-G-129001-S	3.14.0	3.14.0	2.4.6	3.11.15	02bf3b64f3795bd232c835bba6b011e9b8f98b49
rbt-129-stage1-c1-p010-HP-G-129001-ckpt60	3.14.0		2.4.6	3.11.15	02bf3b64f3795bd232c835bba6b011e9b8f98b49
rbt-129-stage1-c1-p010-HP-G-129002-S	3.14.0	3.14.0,3.14.0	2.4.6	3.11.15	830450efe3555b084bc70a86fcfa688b5ecb974b
rbt-129-stage1-c1-p010-HP-G-129002-ckpt60	3.14.0	3.14.0	2.4.6	3.11.15	830450efe3555b084bc70a86fcfa688b5ecb974b
rbt-129-stage1-c1-p010-HP-G-129002-ksalt	MISSING				
rbt-129-stage1-c1-p010-HP-G-129003-S	3.14.0	3.14.0,3.14.0	2.4.6	3.11.15	830450efe3555b084bc70a86fcfa688b5ecb974b
rbt-129-stage1-c1-p010-HP-G-129003-ckpt60	3.14.0		2.4.6	3.11.15	830450efe3555b084bc70a86fcfa688b5ecb974b
rbt-129-stage1-c1-p010-HP-G-129003-ksalt	MISSING				
rbt-129-stage1-c1-p010-HP-G-129004-S	3.14.0	3.14.0,3.14.0	2.4.6	3.11.15	830450efe3555b084bc70a86fcfa688b5ecb974b
rbt-129-stage1-c1-p010-HP-G-129004-ckpt60	3.14.0		2.4.6	3.11.15	830450efe3555b084bc70a86fcfa688b5ecb974b
rbt-129-stage1-c1-p010-HP-G-129005-S	3.14.0	3.14.0,3.14.0	2.4.6	3.11.15	830450efe3555b084bc70a86fcfa688b5ecb974b
rbt-129-stage1-c1-p010-HP-G-129005-ckpt60	3.14.0		2.4.6	3.11.15	830450efe3555b084bc70a86fcfa688b5ecb974b
rbt-129-stage1-c1-p010-HP-G-129006-S	3.14.0	3.14.0	2.4.6	3.11.15	830450efe3555b084bc70a86fcfa688b5ecb974b
rbt-129-stage1-c1-p010-HP-G-129006-ckpt60	3.14.0		2.4.6	3.11.15	830450efe3555b084bc70a86fcfa688b5ecb974b
rbt-129-stage1-c1-p010-HP-G-129007-S	3.14.0	3.14.0,3.14.0	2.4.6	3.11.15	830450efe3555b084bc70a86fcfa688b5ecb974b
rbt-129-stage1-c1-p010-HP-G-129007-ckpt60	3.14.0		2.4.6	3.11.15	830450efe3555b084bc70a86fcfa688b5ecb974b
rbt-129-stage1-c1-p010-HP-G-129008-S	3.14.0	3.14.0,3.14.0	2.4.6	3.11.15	830450efe3555b084bc70a86fcfa688b5ecb974b
rbt-129-stage1-c1-p010-HP-G-129008-ckpt60	3.14.0		2.4.6	3.11.15	830450efe3555b084bc70a86fcfa688b5ecb974b
rbt-129-stage1-c1-p010-HP-L-129001-S	3.14.0	3.14.0,3.14.0	2.4.6	3.11.15	02bf3b64f3795bd232c835bba6b011e9b8f98b49
rbt-129-stage1-c1-p010-HP-L-129001-ckpt60	3.14.0		2.4.6	3.11.15	02bf3b64f3795bd232c835bba6b011e9b8f98b49
rbt-129-stage1-c1-p010-HP-L-129002-S	3.14.0	3.14.0,3.14.0	2.4.6	3.11.15	830450efe3555b084bc70a86fcfa688b5ecb974b
rbt-129-stage1-c1-p010-HP-L-129002-ckpt60	3.14.0		2.4.6	3.11.15	830450efe3555b084bc70a86fcfa688b5ecb974b
rbt-129-stage1-c1-p010-HP-L-129002-ksalt	MISSING				
rbt-129-stage1-c1-p010-HP-L-129003-S	3.14.0	3.14.0,3.14.0	2.4.6	3.11.15	830450efe3555b084bc70a86fcfa688b5ecb974b
rbt-129-stage1-c1-p010-HP-L-129003-ckpt60	3.14.0		2.4.6	3.11.15	830450efe3555b084bc70a86fcfa688b5ecb974b
rbt-129-stage1-c1-p010-HP-L-129003-ksalt	MISSING				
rbt-129-stage1-c1-p010-HP-L-129004-S	3.14.0	3.14.0,3.14.0	2.4.6	3.11.15	830450efe3555b084bc70a86fcfa688b5ecb974b
rbt-129-stage1-c1-p010-HP-L-129004-ckpt60	3.14.0		2.4.6	3.11.15	830450efe3555b084bc70a86fcfa688b5ecb974b
rbt-129-stage1-c1-p010-HP-L-129005-S	3.14.0	3.14.0,3.14.0	2.4.6	3.11.15	830450efe3555b084bc70a86fcfa688b5ecb974b
rbt-129-stage1-c1-p010-HP-L-129005-ckpt60	3.14.0		2.4.6	3.11.15	830450efe3555b084bc70a86fcfa688b5ecb974b
rbt-129-stage1-c1-p010-HP-L-129006-S	3.14.0	3.14.0	2.4.6	3.11.15	830450efe3555b084bc70a86fcfa688b5ecb974b
rbt-129-stage1-c1-p010-HP-L-129006-ckpt60	3.14.0		2.4.6	3.11.15	830450efe3555b084bc70a86fcfa688b5ecb974b
rbt-129-stage1-c1-p010-HP-L-129007-S	3.14.0	3.14.0,3.14.0	2.4.6	3.11.15	830450efe3555b084bc70a86fcfa688b5ecb974b
rbt-129-stage1-c1-p010-HP-L-129007-ckpt60	3.14.0		2.4.6	3.11.15	830450efe3555b084bc70a86fcfa688b5ecb974b
rbt-129-stage1-c1-p010-HP-L-129008-S	3.14.0	3.14.0,3.14.0	2.4.6	3.11.15	830450efe3555b084bc70a86fcfa688b5ecb974b
rbt-129-stage1-c1-p010-HP-L-129008-ckpt60	3.14.0		2.4.6	3.11.15	830450efe3555b084bc70a86fcfa688b5ecb974b
rbt-129-stage1-c1-p010-PW-G-129001-S	3.14.0	3.14.0	2.4.6	3.11.15	02bf3b64f3795bd232c835bba6b011e9b8f98b49
rbt-129-stage1-c1-p010-PW-G-129001-ckpt60	3.14.0		2.4.6	3.11.15	02bf3b64f3795bd232c835bba6b011e9b8f98b49
rbt-129-stage1-c1-p010-PW-G-129002-S	3.14.0	3.14.0,3.14.0	2.4.6	3.11.15	830450efe3555b084bc70a86fcfa688b5ecb974b
rbt-129-stage1-c1-p010-PW-G-129002-ckpt60	3.14.0	3.14.0	2.4.6	3.11.15	830450efe3555b084bc70a86fcfa688b5ecb974b
rbt-129-stage1-c1-p010-PW-G-129002-ksalt	MISSING				
rbt-129-stage1-c1-p010-PW-G-129003-S	3.14.0	3.14.0	2.4.6	3.11.15	830450efe3555b084bc70a86fcfa688b5ecb974b
rbt-129-stage1-c1-p010-PW-G-129003-ckpt60	3.14.0		2.4.6	3.11.15	830450efe3555b084bc70a86fcfa688b5ecb974b
rbt-129-stage1-c1-p010-PW-G-129003-ksalt	MISSING				
rbt-129-stage1-c1-p010-PW-G-129004-S	3.14.0	3.14.0,3.14.0	2.4.6	3.11.15	830450efe3555b084bc70a86fcfa688b5ecb974b
rbt-129-stage1-c1-p010-PW-G-129004-ckpt60	3.14.0		2.4.6	3.11.15	830450efe3555b084bc70a86fcfa688b5ecb974b
rbt-129-stage1-c1-p010-PW-G-129005-M	3.14.0	3.14.0,3.14.0,3.14.0,3.14.0	2.4.6	3.11.15	830450efe3555b084bc70a86fcfa688b5ecb974b
rbt-129-stage1-c1-p010-PW-G-129005-N	3.14.0	3.14.0,3.14.0	2.4.6	3.11.15	830450efe3555b084bc70a86fcfa688b5ecb974b
rbt-129-stage1-c1-p010-PW-G-129005-S	3.14.0	3.14.0,3.14.0	2.4.6	3.11.15	830450efe3555b084bc70a86fcfa688b5ecb974b
rbt-129-stage1-c1-p010-PW-G-129005-ckpt60	3.14.0	3.14.0	2.4.6	3.11.15	830450efe3555b084bc70a86fcfa688b5ecb974b
rbt-129-stage1-c1-p010-PW-G-129006-S	3.14.0	3.14.0	2.4.6	3.11.15	830450efe3555b084bc70a86fcfa688b5ecb974b
rbt-129-stage1-c1-p010-PW-G-129006-ckpt60	3.14.0		2.4.6	3.11.15	830450efe3555b084bc70a86fcfa688b5ecb974b
rbt-129-stage1-c1-p010-PW-G-129007-S	3.14.0	3.14.0	2.4.6	3.11.15	830450efe3555b084bc70a86fcfa688b5ecb974b
rbt-129-stage1-c1-p010-PW-G-129007-ckpt60	3.14.0		2.4.6	3.11.15	830450efe3555b084bc70a86fcfa688b5ecb974b
rbt-129-stage1-c1-p010-PW-G-129008-S	3.14.0	3.14.0,3.14.0	2.4.6	3.11.15	830450efe3555b084bc70a86fcfa688b5ecb974b
rbt-129-stage1-c1-p010-PW-G-129008-ckpt60	3.14.0	3.14.0	2.4.6	3.11.15	830450efe3555b084bc70a86fcfa688b5ecb974b
rbt-129-stage1-c1-p010-PW-L-129001-M	3.14.0	3.14.0	2.4.6	3.11.15	02bf3b64f3795bd232c835bba6b011e9b8f98b49
rbt-129-stage1-c1-p010-PW-L-129001-N	3.14.0	3.14.0,3.14.0	2.4.6	3.11.15	02bf3b64f3795bd232c835bba6b011e9b8f98b49
rbt-129-stage1-c1-p010-PW-L-129001-S	3.14.0	3.14.0	2.4.6	3.11.15	02bf3b64f3795bd232c835bba6b011e9b8f98b49
rbt-129-stage1-c1-p010-PW-L-129001-ckpt60	3.14.0		2.4.6	3.11.15	02bf3b64f3795bd232c835bba6b011e9b8f98b49
rbt-129-stage1-c1-p010-PW-L-129002-S	3.14.0	3.14.0	2.4.6	3.11.15	830450efe3555b084bc70a86fcfa688b5ecb974b
rbt-129-stage1-c1-p010-PW-L-129002-ckpt60	3.14.0		2.4.6	3.11.15	830450efe3555b084bc70a86fcfa688b5ecb974b
rbt-129-stage1-c1-p010-PW-L-129002-ksalt	MISSING				
rbt-129-stage1-c1-p010-PW-L-129003-S	3.14.0	3.14.0	2.4.6	3.11.15	830450efe3555b084bc70a86fcfa688b5ecb974b
rbt-129-stage1-c1-p010-PW-L-129003-ckpt60	3.14.0		2.4.6	3.11.15	830450efe3555b084bc70a86fcfa688b5ecb974b
rbt-129-stage1-c1-p010-PW-L-129003-ksalt	MISSING				
rbt-129-stage1-c1-p010-PW-L-129004-S	3.14.0	3.14.0,3.14.0	2.4.6	3.11.15	830450efe3555b084bc70a86fcfa688b5ecb974b
rbt-129-stage1-c1-p010-PW-L-129004-ckpt60	3.14.0		2.4.6	3.11.15	830450efe3555b084bc70a86fcfa688b5ecb974b
rbt-129-stage1-c1-p010-PW-L-129005-M	3.14.0	3.14.0,3.14.0	2.4.6	3.11.15	830450efe3555b084bc70a86fcfa688b5ecb974b
rbt-129-stage1-c1-p010-PW-L-129005-N	3.14.0	3.14.0,3.14.0,3.14.0	2.4.6	3.11.15	830450efe3555b084bc70a86fcfa688b5ecb974b
rbt-129-stage1-c1-p010-PW-L-129005-S	3.14.0	3.14.0,3.14.0,3.14.0	2.4.6	3.11.15	830450efe3555b084bc70a86fcfa688b5ecb974b
rbt-129-stage1-c1-p010-PW-L-129005-ckpt60	3.14.0	3.14.0	2.4.6	3.11.15	830450efe3555b084bc70a86fcfa688b5ecb974b
rbt-129-stage1-c1-p010-PW-L-129006-S	3.14.0	3.14.0	2.4.6	3.11.15	830450efe3555b084bc70a86fcfa688b5ecb974b
rbt-129-stage1-c1-p010-PW-L-129006-ckpt60	3.14.0		2.4.6	3.11.15	830450efe3555b084bc70a86fcfa688b5ecb974b
rbt-129-stage1-c1-p010-PW-L-129007-S	3.14.0	3.14.0	2.4.6	3.11.15	830450efe3555b084bc70a86fcfa688b5ecb974b
rbt-129-stage1-c1-p010-PW-L-129007-ckpt60	3.14.0		2.4.6	3.11.15	830450efe3555b084bc70a86fcfa688b5ecb974b
rbt-129-stage1-c1-p010-PW-L-129008-S	3.14.0	3.14.0	2.4.6	3.11.15	830450efe3555b084bc70a86fcfa688b5ecb974b
rbt-129-stage1-c1-p010-PW-L-129008-ckpt60	3.14.0		2.4.6	3.11.15	830450efe3555b084bc70a86fcfa688b5ecb974b
rbt-129-stage1-c1-p010-U-G-129001-S	3.14.0	3.14.0	2.4.6	3.11.15	02bf3b64f3795bd232c835bba6b011e9b8f98b49
rbt-129-stage1-c1-p010-U-G-129001-ckpt60	3.14.0		2.4.6	3.11.15	02bf3b64f3795bd232c835bba6b011e9b8f98b49
rbt-129-stage1-c1-p010-U-G-129002-S	3.14.0	3.14.0,3.14.0	2.4.6	3.11.15	830450efe3555b084bc70a86fcfa688b5ecb974b
rbt-129-stage1-c1-p010-U-G-129002-ckpt60	3.14.0		2.4.6	3.11.15	830450efe3555b084bc70a86fcfa688b5ecb974b
rbt-129-stage1-c1-p010-U-G-129002-ksalt	MISSING				
rbt-129-stage1-c1-p010-U-G-129003-S	3.14.0	3.14.0,3.14.0	2.4.6	3.11.15	830450efe3555b084bc70a86fcfa688b5ecb974b
rbt-129-stage1-c1-p010-U-G-129003-ckpt60	3.14.0		2.4.6	3.11.15	830450efe3555b084bc70a86fcfa688b5ecb974b
rbt-129-stage1-c1-p010-U-G-129003-ksalt	MISSING				
rbt-129-stage1-c1-p010-U-G-129004-S	3.14.0	3.14.0,3.14.0	2.4.6	3.11.15	830450efe3555b084bc70a86fcfa688b5ecb974b
rbt-129-stage1-c1-p010-U-G-129004-ckpt60	3.14.0		2.4.6	3.11.15	830450efe3555b084bc70a86fcfa688b5ecb974b
rbt-129-stage1-c1-p010-U-G-129005-S	3.14.0	3.14.0,3.14.0,3.14.0	2.4.6	3.11.15	830450efe3555b084bc70a86fcfa688b5ecb974b
rbt-129-stage1-c1-p010-U-G-129005-ckpt60	3.14.0	3.14.0	2.4.6	3.11.15	830450efe3555b084bc70a86fcfa688b5ecb974b
rbt-129-stage1-c1-p010-U-G-129006-S	3.14.0	3.14.0	2.4.6	3.11.15	830450efe3555b084bc70a86fcfa688b5ecb974b
rbt-129-stage1-c1-p010-U-G-129006-ckpt60	3.14.0		2.4.6	3.11.15	830450efe3555b084bc70a86fcfa688b5ecb974b
rbt-129-stage1-c1-p010-U-G-129007-S	3.14.0	3.14.0,3.14.0	2.4.6	3.11.15	830450efe3555b084bc70a86fcfa688b5ecb974b
rbt-129-stage1-c1-p010-U-G-129007-ckpt60	3.14.0		2.4.6	3.11.15	830450efe3555b084bc70a86fcfa688b5ecb974b
rbt-129-stage1-c1-p010-U-G-129008-S	3.14.0	3.14.0	2.4.6	3.11.15	830450efe3555b084bc70a86fcfa688b5ecb974b
rbt-129-stage1-c1-p010-U-G-129008-ckpt60	3.14.0		2.4.6	3.11.15	830450efe3555b084bc70a86fcfa688b5ecb974b
rbt-129-stage1-c1-p010-U-L-129001-S	3.14.0	3.14.0,3.14.0	2.4.6	3.11.15	02bf3b64f3795bd232c835bba6b011e9b8f98b49
rbt-129-stage1-c1-p010-U-L-129001-ckpt60	3.14.0		2.4.6	3.11.15	02bf3b64f3795bd232c835bba6b011e9b8f98b49
rbt-129-stage1-c1-p010-U-L-129002-S	3.14.0	3.14.0	2.4.6	3.11.15	830450efe3555b084bc70a86fcfa688b5ecb974b
rbt-129-stage1-c1-p010-U-L-129002-ckpt60	3.14.0		2.4.6	3.11.15	830450efe3555b084bc70a86fcfa688b5ecb974b
rbt-129-stage1-c1-p010-U-L-129002-ksalt	MISSING				
rbt-129-stage1-c1-p010-U-L-129003-S	3.14.0	3.14.0	2.4.6	3.11.15	830450efe3555b084bc70a86fcfa688b5ecb974b
rbt-129-stage1-c1-p010-U-L-129003-ckpt60	3.14.0		2.4.6	3.11.15	830450efe3555b084bc70a86fcfa688b5ecb974b
rbt-129-stage1-c1-p010-U-L-129003-ksalt	MISSING				
rbt-129-stage1-c1-p010-U-L-129004-S	3.14.0	3.14.0,3.14.0	2.4.6	3.11.15	830450efe3555b084bc70a86fcfa688b5ecb974b
rbt-129-stage1-c1-p010-U-L-129004-ckpt60	3.14.0		2.4.6	3.11.15	830450efe3555b084bc70a86fcfa688b5ecb974b
rbt-129-stage1-c1-p010-U-L-129005-S	3.14.0	3.14.0,3.14.0	2.4.6	3.11.15	830450efe3555b084bc70a86fcfa688b5ecb974b
rbt-129-stage1-c1-p010-U-L-129005-ckpt60	3.14.0		2.4.6	3.11.15	830450efe3555b084bc70a86fcfa688b5ecb974b
rbt-129-stage1-c1-p010-U-L-129006-S	3.14.0	3.14.0,3.14.0	2.4.6	3.11.15	830450efe3555b084bc70a86fcfa688b5ecb974b
rbt-129-stage1-c1-p010-U-L-129006-ckpt60	3.14.0		2.4.6	3.11.15	830450efe3555b084bc70a86fcfa688b5ecb974b
rbt-129-stage1-c1-p010-U-L-129007-S	3.14.0	3.14.0,3.14.0	2.4.6	3.11.15	830450efe3555b084bc70a86fcfa688b5ecb974b
rbt-129-stage1-c1-p010-U-L-129007-ckpt60	3.14.0	3.14.0	2.4.6	3.11.15	830450efe3555b084bc70a86fcfa688b5ecb974b
rbt-129-stage1-c1-p010-U-L-129008-S	3.14.0	3.14.0,3.14.0,3.14.0	2.4.6	3.11.15	830450efe3555b084bc70a86fcfa688b5ecb974b
rbt-129-stage1-c1-p010-U-L-129008-ckpt60	3.14.0	3.14.0	2.4.6	3.11.15	830450efe3555b084bc70a86fcfa688b5ecb974b
rbt-129-stage1-c1-p030-HP-G-129001-S	3.14.0	3.14.0	2.4.6	3.11.15	02bf3b64f3795bd232c835bba6b011e9b8f98b49
rbt-129-stage1-c1-p030-HP-G-129001-ckpt60	3.14.0		2.4.6	3.11.15	02bf3b64f3795bd232c835bba6b011e9b8f98b49
rbt-129-stage1-c1-p030-HP-G-129002-S	3.14.0	3.14.0,3.14.0	2.4.6	3.11.15	830450efe3555b084bc70a86fcfa688b5ecb974b
rbt-129-stage1-c1-p030-HP-G-129002-ckpt60	3.14.0		2.4.6	3.11.15	830450efe3555b084bc70a86fcfa688b5ecb974b
rbt-129-stage1-c1-p030-HP-G-129002-ksalt	MISSING				
rbt-129-stage1-c1-p030-HP-G-129003-S	3.14.0	3.14.0,3.14.0	2.4.6	3.11.15	830450efe3555b084bc70a86fcfa688b5ecb974b
rbt-129-stage1-c1-p030-HP-G-129003-ckpt60	3.14.0	3.14.0	2.4.6	3.11.15	830450efe3555b084bc70a86fcfa688b5ecb974b
rbt-129-stage1-c1-p030-HP-G-129003-ksalt	MISSING				
rbt-129-stage1-c1-p030-HP-G-129004-S	3.14.0	3.14.0	2.4.6	3.11.15	830450efe3555b084bc70a86fcfa688b5ecb974b
rbt-129-stage1-c1-p030-HP-G-129004-ckpt60	3.14.0		2.4.6	3.11.15	830450efe3555b084bc70a86fcfa688b5ecb974b
rbt-129-stage1-c1-p030-HP-G-129005-S	3.14.0	3.14.0,3.14.0	2.4.6	3.11.15	830450efe3555b084bc70a86fcfa688b5ecb974b
rbt-129-stage1-c1-p030-HP-G-129005-ckpt60	3.14.0		2.4.6	3.11.15	830450efe3555b084bc70a86fcfa688b5ecb974b
rbt-129-stage1-c1-p030-HP-G-129006-S	3.14.0	3.14.0,3.14.0,3.14.0	2.4.6	3.11.15	830450efe3555b084bc70a86fcfa688b5ecb974b
rbt-129-stage1-c1-p030-HP-G-129006-ckpt60	3.14.0		2.4.6	3.11.15	830450efe3555b084bc70a86fcfa688b5ecb974b
rbt-129-stage1-c1-p030-HP-G-129007-S	3.14.0	3.14.0,3.14.0	2.4.6	3.11.15	830450efe3555b084bc70a86fcfa688b5ecb974b
rbt-129-stage1-c1-p030-HP-G-129007-ckpt60	3.14.0		2.4.6	3.11.15	830450efe3555b084bc70a86fcfa688b5ecb974b
rbt-129-stage1-c1-p030-HP-G-129008-S	3.14.0	3.14.0	2.4.6	3.11.15	830450efe3555b084bc70a86fcfa688b5ecb974b
rbt-129-stage1-c1-p030-HP-G-129008-ckpt60	3.14.0		2.4.6	3.11.15	830450efe3555b084bc70a86fcfa688b5ecb974b
rbt-129-stage1-c1-p030-HP-L-129001-S	3.14.0	3.14.0	2.4.6	3.11.15	02bf3b64f3795bd232c835bba6b011e9b8f98b49
rbt-129-stage1-c1-p030-HP-L-129001-ckpt60	3.14.0		2.4.6	3.11.15	02bf3b64f3795bd232c835bba6b011e9b8f98b49
rbt-129-stage1-c1-p030-HP-L-129002-S	3.14.0	3.14.0	2.4.6	3.11.15	830450efe3555b084bc70a86fcfa688b5ecb974b
rbt-129-stage1-c1-p030-HP-L-129002-ckpt60	3.14.0		2.4.6	3.11.15	830450efe3555b084bc70a86fcfa688b5ecb974b
rbt-129-stage1-c1-p030-HP-L-129002-ksalt	MISSING				
rbt-129-stage1-c1-p030-HP-L-129003-S	3.14.0	3.14.0,3.14.0,3.14.0,3.14.0	2.4.6	3.11.15	830450efe3555b084bc70a86fcfa688b5ecb974b
rbt-129-stage1-c1-p030-HP-L-129003-ckpt60	3.14.0		2.4.6	3.11.15	830450efe3555b084bc70a86fcfa688b5ecb974b
rbt-129-stage1-c1-p030-HP-L-129003-ksalt	MISSING				
rbt-129-stage1-c1-p030-HP-L-129004-S	3.14.0	3.14.0	2.4.6	3.11.15	830450efe3555b084bc70a86fcfa688b5ecb974b
rbt-129-stage1-c1-p030-HP-L-129004-ckpt60	3.14.0		2.4.6	3.11.15	830450efe3555b084bc70a86fcfa688b5ecb974b
rbt-129-stage1-c1-p030-HP-L-129005-S	3.14.0	3.14.0,3.14.0	2.4.6	3.11.15	830450efe3555b084bc70a86fcfa688b5ecb974b
rbt-129-stage1-c1-p030-HP-L-129005-ckpt60	3.14.0		2.4.6	3.11.15	830450efe3555b084bc70a86fcfa688b5ecb974b
rbt-129-stage1-c1-p030-HP-L-129006-S	3.14.0	3.14.0,3.14.0	2.4.6	3.11.15	830450efe3555b084bc70a86fcfa688b5ecb974b
rbt-129-stage1-c1-p030-HP-L-129006-ckpt60	3.14.0		2.4.6	3.11.15	830450efe3555b084bc70a86fcfa688b5ecb974b
rbt-129-stage1-c1-p030-HP-L-129007-S	3.14.0	3.14.0,3.14.0	2.4.6	3.11.15	830450efe3555b084bc70a86fcfa688b5ecb974b
rbt-129-stage1-c1-p030-HP-L-129007-ckpt60	3.14.0		2.4.6	3.11.15	830450efe3555b084bc70a86fcfa688b5ecb974b
rbt-129-stage1-c1-p030-HP-L-129008-S	3.14.0	3.14.0,3.14.0	2.4.6	3.11.15	830450efe3555b084bc70a86fcfa688b5ecb974b
rbt-129-stage1-c1-p030-HP-L-129008-ckpt60	3.14.0		2.4.6	3.11.15	830450efe3555b084bc70a86fcfa688b5ecb974b
rbt-129-stage1-c1-p030-PW-G-129001-S	3.14.0		2.4.6	3.11.15	02bf3b64f3795bd232c835bba6b011e9b8f98b49
rbt-129-stage1-c1-p030-PW-G-129001-ckpt60	MISSING				
rbt-129-stage1-c1-p030-PW-G-129002-S	3.14.0	3.14.0	2.4.6	3.11.15	830450efe3555b084bc70a86fcfa688b5ecb974b
rbt-129-stage1-c1-p030-PW-G-129002-ckpt60	3.14.0		2.4.6	3.11.15	830450efe3555b084bc70a86fcfa688b5ecb974b
rbt-129-stage1-c1-p030-PW-G-129002-ksalt	MISSING				
rbt-129-stage1-c1-p030-PW-G-129003-S	3.14.0	3.14.0	2.4.6	3.11.15	830450efe3555b084bc70a86fcfa688b5ecb974b
rbt-129-stage1-c1-p030-PW-G-129003-ckpt60	3.14.0		2.4.6	3.11.15	830450efe3555b084bc70a86fcfa688b5ecb974b
rbt-129-stage1-c1-p030-PW-G-129003-ksalt	MISSING				
rbt-129-stage1-c1-p030-PW-G-129004-S	3.14.0	3.14.0	2.4.6	3.11.15	830450efe3555b084bc70a86fcfa688b5ecb974b
rbt-129-stage1-c1-p030-PW-G-129004-ckpt60	3.14.0		2.4.6	3.11.15	830450efe3555b084bc70a86fcfa688b5ecb974b
rbt-129-stage1-c1-p030-PW-G-129005-S	3.14.0	3.14.0,3.14.0	2.4.6	3.11.15	830450efe3555b084bc70a86fcfa688b5ecb974b
rbt-129-stage1-c1-p030-PW-G-129005-ckpt60	3.14.0		2.4.6	3.11.15	830450efe3555b084bc70a86fcfa688b5ecb974b
rbt-129-stage1-c1-p030-PW-G-129006-S	3.14.0	3.14.0	2.4.6	3.11.15	830450efe3555b084bc70a86fcfa688b5ecb974b
rbt-129-stage1-c1-p030-PW-G-129006-ckpt60	3.14.0		2.4.6	3.11.15	830450efe3555b084bc70a86fcfa688b5ecb974b
rbt-129-stage1-c1-p030-PW-G-129007-S	3.14.0		2.4.6	3.11.15	830450efe3555b084bc70a86fcfa688b5ecb974b
rbt-129-stage1-c1-p030-PW-G-129007-ckpt60	MISSING				
rbt-129-stage1-c1-p030-PW-G-129008-S	3.14.0		2.4.6	3.11.15	830450efe3555b084bc70a86fcfa688b5ecb974b
rbt-129-stage1-c1-p030-PW-G-129008-ckpt60	MISSING				
rbt-129-stage1-c1-p030-PW-L-129001-S	3.14.0	3.14.0	2.4.6	3.11.15	02bf3b64f3795bd232c835bba6b011e9b8f98b49
rbt-129-stage1-c1-p030-PW-L-129001-ckpt60	3.14.0		2.4.6	3.11.15	02bf3b64f3795bd232c835bba6b011e9b8f98b49
rbt-129-stage1-c1-p030-PW-L-129002-S	3.14.0		2.4.6	3.11.15	830450efe3555b084bc70a86fcfa688b5ecb974b
rbt-129-stage1-c1-p030-PW-L-129002-ckpt60	MISSING				
rbt-129-stage1-c1-p030-PW-L-129002-ksalt	MISSING				
rbt-129-stage1-c1-p030-PW-L-129003-S	3.14.0		2.4.6	3.11.15	830450efe3555b084bc70a86fcfa688b5ecb974b
rbt-129-stage1-c1-p030-PW-L-129003-ckpt60	MISSING				
rbt-129-stage1-c1-p030-PW-L-129003-ksalt	MISSING				
rbt-129-stage1-c1-p030-PW-L-129004-S	3.14.0		2.4.6	3.11.15	830450efe3555b084bc70a86fcfa688b5ecb974b
rbt-129-stage1-c1-p030-PW-L-129004-ckpt60	MISSING				
rbt-129-stage1-c1-p030-PW-L-129005-S	3.14.0	3.14.0	2.4.6	3.11.15	830450efe3555b084bc70a86fcfa688b5ecb974b
rbt-129-stage1-c1-p030-PW-L-129005-ckpt60	3.14.0		2.4.6	3.11.15	830450efe3555b084bc70a86fcfa688b5ecb974b
rbt-129-stage1-c1-p030-PW-L-129006-S	3.14.0		2.4.6	3.11.15	830450efe3555b084bc70a86fcfa688b5ecb974b
rbt-129-stage1-c1-p030-PW-L-129006-ckpt60	MISSING				
rbt-129-stage1-c1-p030-PW-L-129007-S	3.14.0		2.4.6	3.11.15	830450efe3555b084bc70a86fcfa688b5ecb974b
rbt-129-stage1-c1-p030-PW-L-129007-ckpt60	MISSING				
rbt-129-stage1-c1-p030-PW-L-129008-S	3.14.0		2.4.6	3.11.15	830450efe3555b084bc70a86fcfa688b5ecb974b
rbt-129-stage1-c1-p030-PW-L-129008-ckpt60	MISSING				
rbt-129-stage1-c1-p030-U-G-129001-S	3.14.0	3.14.0,3.14.0	2.4.6	3.11.15	02bf3b64f3795bd232c835bba6b011e9b8f98b49
rbt-129-stage1-c1-p030-U-G-129001-ckpt60	3.14.0		2.4.6	3.11.15	02bf3b64f3795bd232c835bba6b011e9b8f98b49
rbt-129-stage1-c1-p030-U-G-129002-S	3.14.0	3.14.0,3.14.0	2.4.6	3.11.15	830450efe3555b084bc70a86fcfa688b5ecb974b
rbt-129-stage1-c1-p030-U-G-129002-ckpt60	3.14.0		2.4.6	3.11.15	830450efe3555b084bc70a86fcfa688b5ecb974b
rbt-129-stage1-c1-p030-U-G-129002-ksalt	MISSING				
rbt-129-stage1-c1-p030-U-G-129003-S	3.14.0	3.14.0,3.14.0	2.4.6	3.11.15	830450efe3555b084bc70a86fcfa688b5ecb974b
rbt-129-stage1-c1-p030-U-G-129003-ckpt60	3.14.0		2.4.6	3.11.15	830450efe3555b084bc70a86fcfa688b5ecb974b
rbt-129-stage1-c1-p030-U-G-129003-ksalt	MISSING				
rbt-129-stage1-c1-p030-U-G-129004-S	3.14.0	3.14.0,3.14.0	2.4.6	3.11.15	830450efe3555b084bc70a86fcfa688b5ecb974b
rbt-129-stage1-c1-p030-U-G-129004-ckpt60	3.14.0		2.4.6	3.11.15	830450efe3555b084bc70a86fcfa688b5ecb974b
rbt-129-stage1-c1-p030-U-G-129005-S	3.14.0	3.14.0,3.14.0	2.4.6	3.11.15	830450efe3555b084bc70a86fcfa688b5ecb974b
rbt-129-stage1-c1-p030-U-G-129005-ckpt60	3.14.0		2.4.6	3.11.15	830450efe3555b084bc70a86fcfa688b5ecb974b
rbt-129-stage1-c1-p030-U-G-129006-S	3.14.0	3.14.0,3.14.0	2.4.6	3.11.15	830450efe3555b084bc70a86fcfa688b5ecb974b
rbt-129-stage1-c1-p030-U-G-129006-ckpt60	3.14.0		2.4.6	3.11.15	830450efe3555b084bc70a86fcfa688b5ecb974b
rbt-129-stage1-c1-p030-U-G-129007-S	3.14.0	3.14.0,3.14.0	2.4.6	3.11.15	830450efe3555b084bc70a86fcfa688b5ecb974b
rbt-129-stage1-c1-p030-U-G-129007-ckpt60	3.14.0	3.14.0	2.4.6	3.11.15	830450efe3555b084bc70a86fcfa688b5ecb974b
rbt-129-stage1-c1-p030-U-G-129008-S	3.14.0	3.14.0,3.14.0,3.14.0	2.4.6	3.11.15	830450efe3555b084bc70a86fcfa688b5ecb974b
rbt-129-stage1-c1-p030-U-G-129008-ckpt60	3.14.0		2.4.6	3.11.15	830450efe3555b084bc70a86fcfa688b5ecb974b
rbt-129-stage1-c1-p030-U-L-129001-S	3.14.0	3.14.0,3.14.0	2.4.6	3.11.15	02bf3b64f3795bd232c835bba6b011e9b8f98b49
rbt-129-stage1-c1-p030-U-L-129001-ckpt60	3.14.0		2.4.6	3.11.15	02bf3b64f3795bd232c835bba6b011e9b8f98b49
rbt-129-stage1-c1-p030-U-L-129002-S	3.14.0	3.14.0,3.14.0	2.4.6	3.11.15	830450efe3555b084bc70a86fcfa688b5ecb974b
rbt-129-stage1-c1-p030-U-L-129002-ckpt60	3.14.0		2.4.6	3.11.15	830450efe3555b084bc70a86fcfa688b5ecb974b
rbt-129-stage1-c1-p030-U-L-129002-ksalt	MISSING				
rbt-129-stage1-c1-p030-U-L-129003-S	3.14.0	3.14.0,3.14.0	2.4.6	3.11.15	830450efe3555b084bc70a86fcfa688b5ecb974b
rbt-129-stage1-c1-p030-U-L-129003-ckpt60	3.14.0		2.4.6	3.11.15	830450efe3555b084bc70a86fcfa688b5ecb974b
rbt-129-stage1-c1-p030-U-L-129003-ksalt	MISSING				
rbt-129-stage1-c1-p030-U-L-129004-S	3.14.0	3.14.0,3.14.0,3.14.0,3.14.0	2.4.6	3.11.15	830450efe3555b084bc70a86fcfa688b5ecb974b
rbt-129-stage1-c1-p030-U-L-129004-ckpt60	3.14.0		2.4.6	3.11.15	830450efe3555b084bc70a86fcfa688b5ecb974b
rbt-129-stage1-c1-p030-U-L-129005-S	3.14.0	3.14.0,3.14.0,3.14.0	2.4.6	3.11.15	830450efe3555b084bc70a86fcfa688b5ecb974b
rbt-129-stage1-c1-p030-U-L-129005-ckpt60	3.14.0		2.4.6	3.11.15	830450efe3555b084bc70a86fcfa688b5ecb974b
rbt-129-stage1-c1-p030-U-L-129006-S	3.14.0	3.14.0,3.14.0	2.4.6	3.11.15	830450efe3555b084bc70a86fcfa688b5ecb974b
rbt-129-stage1-c1-p030-U-L-129006-ckpt60	3.14.0		2.4.6	3.11.15	830450efe3555b084bc70a86fcfa688b5ecb974b
rbt-129-stage1-c1-p030-U-L-129007-S	3.14.0	3.14.0,3.14.0,3.14.0	2.4.6	3.11.15	830450efe3555b084bc70a86fcfa688b5ecb974b
rbt-129-stage1-c1-p030-U-L-129007-ckpt60	3.14.0	3.14.0	2.4.6	3.11.15	830450efe3555b084bc70a86fcfa688b5ecb974b
rbt-129-stage1-c1-p030-U-L-129008-S	3.14.0	3.14.0,3.14.0,3.14.0	2.4.6	3.11.15	830450efe3555b084bc70a86fcfa688b5ecb974b
rbt-129-stage1-c1-p030-U-L-129008-ckpt60	3.14.0	3.14.0	2.4.6	3.11.15	830450efe3555b084bc70a86fcfa688b5ecb974b
rbt-129-stage1-c1-p080-HP-G-129001-M	3.14.0	3.14.0,3.14.0	2.4.6	3.11.15	02bf3b64f3795bd232c835bba6b011e9b8f98b49
rbt-129-stage1-c1-p080-HP-G-129001-S	3.14.0	3.14.0,3.14.0	2.4.6	3.11.15	02bf3b64f3795bd232c835bba6b011e9b8f98b49
rbt-129-stage1-c1-p080-HP-G-129001-ckpt60	3.14.0		2.4.6	3.11.15	02bf3b64f3795bd232c835bba6b011e9b8f98b49
rbt-129-stage1-c1-p080-HP-G-129002-M	3.14.0	3.14.0,3.14.0	2.4.6	3.11.15	830450efe3555b084bc70a86fcfa688b5ecb974b
rbt-129-stage1-c1-p080-HP-G-129002-S	3.14.0	3.14.0,3.14.0	2.4.6	3.11.15	830450efe3555b084bc70a86fcfa688b5ecb974b
rbt-129-stage1-c1-p080-HP-G-129002-ckpt60	3.14.0		2.4.6	3.11.15	830450efe3555b084bc70a86fcfa688b5ecb974b
rbt-129-stage1-c1-p080-HP-G-129002-ksalt	MISSING				
rbt-129-stage1-c1-p080-HP-G-129003-S	3.14.0	3.14.0	2.4.6	3.11.15	830450efe3555b084bc70a86fcfa688b5ecb974b
rbt-129-stage1-c1-p080-HP-G-129003-ckpt60	3.14.0		2.4.6	3.11.15	830450efe3555b084bc70a86fcfa688b5ecb974b
rbt-129-stage1-c1-p080-HP-G-129003-ksalt	MISSING				
rbt-129-stage1-c1-p080-HP-G-129004-S	3.14.0	3.14.0	2.4.6	3.11.15	830450efe3555b084bc70a86fcfa688b5ecb974b
rbt-129-stage1-c1-p080-HP-G-129004-ckpt60	3.14.0		2.4.6	3.11.15	830450efe3555b084bc70a86fcfa688b5ecb974b
rbt-129-stage1-c1-p080-HP-G-129005-M	3.14.0	3.14.0,3.14.0	2.4.6	3.11.15	830450efe3555b084bc70a86fcfa688b5ecb974b
rbt-129-stage1-c1-p080-HP-G-129005-S	3.14.0	3.14.0,3.14.0	2.4.6	3.11.15	830450efe3555b084bc70a86fcfa688b5ecb974b
rbt-129-stage1-c1-p080-HP-G-129005-ckpt60	3.14.0		2.4.6	3.11.15	830450efe3555b084bc70a86fcfa688b5ecb974b
rbt-129-stage1-c1-p080-HP-G-129006-M	3.14.0	3.14.0	2.4.6	3.11.15	830450efe3555b084bc70a86fcfa688b5ecb974b
rbt-129-stage1-c1-p080-HP-G-129006-S	3.14.0	3.14.0,3.14.0,3.14.0	2.4.6	3.11.15	830450efe3555b084bc70a86fcfa688b5ecb974b
rbt-129-stage1-c1-p080-HP-G-129006-ckpt60	3.14.0		2.4.6	3.11.15	830450efe3555b084bc70a86fcfa688b5ecb974b
rbt-129-stage1-c1-p080-HP-G-129007-S	3.14.0	3.14.0,3.14.0	2.4.6	3.11.15	830450efe3555b084bc70a86fcfa688b5ecb974b
rbt-129-stage1-c1-p080-HP-G-129007-ckpt60	3.14.0		2.4.6	3.11.15	830450efe3555b084bc70a86fcfa688b5ecb974b
rbt-129-stage1-c1-p080-HP-G-129008-M	3.14.0	3.14.0	2.4.6	3.11.15	830450efe3555b084bc70a86fcfa688b5ecb974b
rbt-129-stage1-c1-p080-HP-G-129008-S	3.14.0	3.14.0	2.4.6	3.11.15	830450efe3555b084bc70a86fcfa688b5ecb974b
rbt-129-stage1-c1-p080-HP-G-129008-ckpt60	3.14.0		2.4.6	3.11.15	830450efe3555b084bc70a86fcfa688b5ecb974b
rbt-129-stage1-c1-p080-HP-L-129001-M	3.14.0	3.14.0	2.4.6	3.11.15	02bf3b64f3795bd232c835bba6b011e9b8f98b49
rbt-129-stage1-c1-p080-HP-L-129001-S	3.14.0	3.14.0	2.4.6	3.11.15	02bf3b64f3795bd232c835bba6b011e9b8f98b49
rbt-129-stage1-c1-p080-HP-L-129001-ckpt60	3.14.0		2.4.6	3.11.15	02bf3b64f3795bd232c835bba6b011e9b8f98b49
rbt-129-stage1-c1-p080-HP-L-129002-M	3.14.0	3.14.0	2.4.6	3.11.15	830450efe3555b084bc70a86fcfa688b5ecb974b
rbt-129-stage1-c1-p080-HP-L-129002-S	3.14.0	3.14.0,3.14.0	2.4.6	3.11.15	830450efe3555b084bc70a86fcfa688b5ecb974b
rbt-129-stage1-c1-p080-HP-L-129002-ckpt60	3.14.0		2.4.6	3.11.15	830450efe3555b084bc70a86fcfa688b5ecb974b
rbt-129-stage1-c1-p080-HP-L-129002-ksalt	MISSING				
rbt-129-stage1-c1-p080-HP-L-129003-M	3.14.0	3.14.0	2.4.6	3.11.15	830450efe3555b084bc70a86fcfa688b5ecb974b
rbt-129-stage1-c1-p080-HP-L-129003-S	3.14.0	3.14.0,3.14.0	2.4.6	3.11.15	830450efe3555b084bc70a86fcfa688b5ecb974b
rbt-129-stage1-c1-p080-HP-L-129003-ckpt60	3.14.0		2.4.6	3.11.15	830450efe3555b084bc70a86fcfa688b5ecb974b
rbt-129-stage1-c1-p080-HP-L-129003-ksalt	MISSING				
rbt-129-stage1-c1-p080-HP-L-129004-S	3.14.0	3.14.0	2.4.6	3.11.15	830450efe3555b084bc70a86fcfa688b5ecb974b
rbt-129-stage1-c1-p080-HP-L-129004-ckpt60	3.14.0		2.4.6	3.11.15	830450efe3555b084bc70a86fcfa688b5ecb974b
rbt-129-stage1-c1-p080-HP-L-129005-M	3.14.0	3.14.0,3.14.0,3.14.0	2.4.6	3.11.15	830450efe3555b084bc70a86fcfa688b5ecb974b
rbt-129-stage1-c1-p080-HP-L-129005-S	3.14.0	3.14.0,3.14.0,3.14.0	2.4.6	3.11.15	830450efe3555b084bc70a86fcfa688b5ecb974b
rbt-129-stage1-c1-p080-HP-L-129005-ckpt60	3.14.0	3.14.0	2.4.6	3.11.15	830450efe3555b084bc70a86fcfa688b5ecb974b
rbt-129-stage1-c1-p080-HP-L-129006-S	3.14.0	3.14.0,3.14.0	2.4.6	3.11.15	830450efe3555b084bc70a86fcfa688b5ecb974b
rbt-129-stage1-c1-p080-HP-L-129006-ckpt60	3.14.0		2.4.6	3.11.15	830450efe3555b084bc70a86fcfa688b5ecb974b
rbt-129-stage1-c1-p080-HP-L-129007-S	3.14.0	3.14.0	2.4.6	3.11.15	830450efe3555b084bc70a86fcfa688b5ecb974b
rbt-129-stage1-c1-p080-HP-L-129007-ckpt60	3.14.0		2.4.6	3.11.15	830450efe3555b084bc70a86fcfa688b5ecb974b
rbt-129-stage1-c1-p080-HP-L-129008-M	3.14.0	3.14.0	2.4.6	3.11.15	830450efe3555b084bc70a86fcfa688b5ecb974b
rbt-129-stage1-c1-p080-HP-L-129008-S	3.14.0	3.14.0,3.14.0	2.4.6	3.11.15	830450efe3555b084bc70a86fcfa688b5ecb974b
rbt-129-stage1-c1-p080-HP-L-129008-ckpt60	3.14.0		2.4.6	3.11.15	830450efe3555b084bc70a86fcfa688b5ecb974b
rbt-129-stage1-c1-p080-PW-G-129001-S	3.14.0		2.4.6	3.11.15	02bf3b64f3795bd232c835bba6b011e9b8f98b49
rbt-129-stage1-c1-p080-PW-G-129001-ckpt60	MISSING				
rbt-129-stage1-c1-p080-PW-G-129002-S	3.14.0		2.4.6	3.11.15	830450efe3555b084bc70a86fcfa688b5ecb974b
rbt-129-stage1-c1-p080-PW-G-129002-ckpt60	MISSING				
rbt-129-stage1-c1-p080-PW-G-129002-ksalt	MISSING				
rbt-129-stage1-c1-p080-PW-G-129003-S	3.14.0		2.4.6	3.11.15	830450efe3555b084bc70a86fcfa688b5ecb974b
rbt-129-stage1-c1-p080-PW-G-129003-ckpt60	MISSING				
rbt-129-stage1-c1-p080-PW-G-129003-ksalt	MISSING				
rbt-129-stage1-c1-p080-PW-G-129004-S	3.14.0		2.4.6	3.11.15	830450efe3555b084bc70a86fcfa688b5ecb974b
rbt-129-stage1-c1-p080-PW-G-129004-ckpt60	MISSING				
rbt-129-stage1-c1-p080-PW-G-129005-S	3.14.0	3.14.0	2.4.6	3.11.15	830450efe3555b084bc70a86fcfa688b5ecb974b
rbt-129-stage1-c1-p080-PW-G-129005-ckpt60	3.14.0		2.4.6	3.11.15	830450efe3555b084bc70a86fcfa688b5ecb974b
rbt-129-stage1-c1-p080-PW-G-129006-S	3.14.0		2.4.6	3.11.15	830450efe3555b084bc70a86fcfa688b5ecb974b
rbt-129-stage1-c1-p080-PW-G-129006-ckpt60	MISSING				
rbt-129-stage1-c1-p080-PW-G-129007-S	3.14.0		2.4.6	3.11.15	830450efe3555b084bc70a86fcfa688b5ecb974b
rbt-129-stage1-c1-p080-PW-G-129007-ckpt60	MISSING				
rbt-129-stage1-c1-p080-PW-G-129008-S	3.14.0		2.4.6	3.11.15	830450efe3555b084bc70a86fcfa688b5ecb974b
rbt-129-stage1-c1-p080-PW-G-129008-ckpt60	MISSING				
rbt-129-stage1-c1-p080-PW-L-129001-S	3.14.0		2.4.6	3.11.15	02bf3b64f3795bd232c835bba6b011e9b8f98b49
rbt-129-stage1-c1-p080-PW-L-129001-ckpt60	MISSING				
rbt-129-stage1-c1-p080-PW-L-129002-S	3.14.0		2.4.6	3.11.15	830450efe3555b084bc70a86fcfa688b5ecb974b
rbt-129-stage1-c1-p080-PW-L-129002-ckpt60	MISSING				
rbt-129-stage1-c1-p080-PW-L-129002-ksalt	MISSING				
rbt-129-stage1-c1-p080-PW-L-129003-S	3.14.0		2.4.6	3.11.15	830450efe3555b084bc70a86fcfa688b5ecb974b
rbt-129-stage1-c1-p080-PW-L-129003-ckpt60	MISSING				
rbt-129-stage1-c1-p080-PW-L-129003-ksalt	MISSING				
rbt-129-stage1-c1-p080-PW-L-129004-S	3.14.0		2.4.6	3.11.15	830450efe3555b084bc70a86fcfa688b5ecb974b
rbt-129-stage1-c1-p080-PW-L-129004-ckpt60	MISSING				
rbt-129-stage1-c1-p080-PW-L-129005-S	3.14.0		2.4.6	3.11.15	830450efe3555b084bc70a86fcfa688b5ecb974b
rbt-129-stage1-c1-p080-PW-L-129005-ckpt60	MISSING				
rbt-129-stage1-c1-p080-PW-L-129006-S	3.14.0		2.4.6	3.11.15	830450efe3555b084bc70a86fcfa688b5ecb974b
rbt-129-stage1-c1-p080-PW-L-129006-ckpt60	MISSING				
rbt-129-stage1-c1-p080-PW-L-129007-S	3.14.0		2.4.6	3.11.15	830450efe3555b084bc70a86fcfa688b5ecb974b
rbt-129-stage1-c1-p080-PW-L-129007-ckpt60	MISSING				
rbt-129-stage1-c1-p080-PW-L-129008-S	3.14.0		2.4.6	3.11.15	830450efe3555b084bc70a86fcfa688b5ecb974b
rbt-129-stage1-c1-p080-PW-L-129008-ckpt60	MISSING				
rbt-129-stage1-c1-p080-U-G-129001-S	3.14.0	3.14.0,3.14.0	2.4.6	3.11.15	02bf3b64f3795bd232c835bba6b011e9b8f98b49
rbt-129-stage1-c1-p080-U-G-129001-ckpt60	3.14.0		2.4.6	3.11.15	02bf3b64f3795bd232c835bba6b011e9b8f98b49
rbt-129-stage1-c1-p080-U-G-129002-S	3.14.0	3.14.0	2.4.6	3.11.15	830450efe3555b084bc70a86fcfa688b5ecb974b
rbt-129-stage1-c1-p080-U-G-129002-ckpt60	3.14.0		2.4.6	3.11.15	830450efe3555b084bc70a86fcfa688b5ecb974b
rbt-129-stage1-c1-p080-U-G-129002-ksalt	MISSING				
rbt-129-stage1-c1-p080-U-G-129003-S	3.14.0	3.14.0	2.4.6	3.11.15	830450efe3555b084bc70a86fcfa688b5ecb974b
rbt-129-stage1-c1-p080-U-G-129003-ckpt60	3.14.0		2.4.6	3.11.15	830450efe3555b084bc70a86fcfa688b5ecb974b
rbt-129-stage1-c1-p080-U-G-129003-ksalt	MISSING				
rbt-129-stage1-c1-p080-U-G-129004-S	3.14.0	3.14.0,3.14.0	2.4.6	3.11.15	830450efe3555b084bc70a86fcfa688b5ecb974b
rbt-129-stage1-c1-p080-U-G-129004-ckpt60	3.14.0		2.4.6	3.11.15	830450efe3555b084bc70a86fcfa688b5ecb974b
rbt-129-stage1-c1-p080-U-G-129005-S	3.14.0	3.14.0,3.14.0	2.4.6	3.11.15	830450efe3555b084bc70a86fcfa688b5ecb974b
rbt-129-stage1-c1-p080-U-G-129005-ckpt60	3.14.0		2.4.6	3.11.15	830450efe3555b084bc70a86fcfa688b5ecb974b
rbt-129-stage1-c1-p080-U-G-129006-S	3.14.0	3.14.0,3.14.0	2.4.6	3.11.15	830450efe3555b084bc70a86fcfa688b5ecb974b
rbt-129-stage1-c1-p080-U-G-129006-ckpt60	3.14.0		2.4.6	3.11.15	830450efe3555b084bc70a86fcfa688b5ecb974b
rbt-129-stage1-c1-p080-U-G-129007-S	3.14.0	3.14.0	2.4.6	3.11.15	830450efe3555b084bc70a86fcfa688b5ecb974b
rbt-129-stage1-c1-p080-U-G-129007-ckpt60	3.14.0		2.4.6	3.11.15	830450efe3555b084bc70a86fcfa688b5ecb974b
rbt-129-stage1-c1-p080-U-G-129008-S	3.14.0	3.14.0,3.14.0	2.4.6	3.11.15	830450efe3555b084bc70a86fcfa688b5ecb974b
rbt-129-stage1-c1-p080-U-G-129008-ckpt60	3.14.0		2.4.6	3.11.15	830450efe3555b084bc70a86fcfa688b5ecb974b
rbt-129-stage1-c1-p080-U-L-129001-M	3.14.0	3.14.0	2.4.6	3.11.15	02bf3b64f3795bd232c835bba6b011e9b8f98b49
rbt-129-stage1-c1-p080-U-L-129001-S	3.14.0	3.14.0,3.14.0	2.4.6	3.11.15	02bf3b64f3795bd232c835bba6b011e9b8f98b49
rbt-129-stage1-c1-p080-U-L-129001-ckpt60	3.14.0		2.4.6	3.11.15	02bf3b64f3795bd232c835bba6b011e9b8f98b49
rbt-129-stage1-c1-p080-U-L-129002-S	3.14.0	3.14.0	2.4.6	3.11.15	830450efe3555b084bc70a86fcfa688b5ecb974b
rbt-129-stage1-c1-p080-U-L-129002-ckpt60	3.14.0		2.4.6	3.11.15	830450efe3555b084bc70a86fcfa688b5ecb974b
rbt-129-stage1-c1-p080-U-L-129002-ksalt	MISSING				
rbt-129-stage1-c1-p080-U-L-129003-M	3.14.0	3.14.0,3.14.0	2.4.6	3.11.15	830450efe3555b084bc70a86fcfa688b5ecb974b
rbt-129-stage1-c1-p080-U-L-129003-S	3.14.0	3.14.0	2.4.6	3.11.15	830450efe3555b084bc70a86fcfa688b5ecb974b
rbt-129-stage1-c1-p080-U-L-129003-ckpt60	3.14.0		2.4.6	3.11.15	830450efe3555b084bc70a86fcfa688b5ecb974b
rbt-129-stage1-c1-p080-U-L-129003-ksalt	MISSING				
rbt-129-stage1-c1-p080-U-L-129004-M	3.14.0	3.14.0,3.14.0	2.4.6	3.11.15	830450efe3555b084bc70a86fcfa688b5ecb974b
rbt-129-stage1-c1-p080-U-L-129004-S	3.14.0	3.14.0,3.14.0	2.4.6	3.11.15	830450efe3555b084bc70a86fcfa688b5ecb974b
rbt-129-stage1-c1-p080-U-L-129004-ckpt60	3.14.0		2.4.6	3.11.15	830450efe3555b084bc70a86fcfa688b5ecb974b
rbt-129-stage1-c1-p080-U-L-129005-M	3.14.0	3.14.0,3.14.0,3.14.0	2.4.6	3.11.15	830450efe3555b084bc70a86fcfa688b5ecb974b
rbt-129-stage1-c1-p080-U-L-129005-S	3.14.0	3.14.0,3.14.0,3.14.0	2.4.6	3.11.15	830450efe3555b084bc70a86fcfa688b5ecb974b
rbt-129-stage1-c1-p080-U-L-129005-ckpt60	3.14.0	3.14.0	2.4.6	3.11.15	830450efe3555b084bc70a86fcfa688b5ecb974b
rbt-129-stage1-c1-p080-U-L-129006-S	3.14.0	3.14.0,3.14.0	2.4.6	3.11.15	830450efe3555b084bc70a86fcfa688b5ecb974b
rbt-129-stage1-c1-p080-U-L-129006-ckpt60	3.14.0		2.4.6	3.11.15	830450efe3555b084bc70a86fcfa688b5ecb974b
rbt-129-stage1-c1-p080-U-L-129007-S	3.14.0	3.14.0	2.4.6	3.11.15	830450efe3555b084bc70a86fcfa688b5ecb974b
rbt-129-stage1-c1-p080-U-L-129007-ckpt60	3.14.0		2.4.6	3.11.15	830450efe3555b084bc70a86fcfa688b5ecb974b
rbt-129-stage1-c1-p080-U-L-129008-M	3.14.0	3.14.0	2.4.6	3.11.15	830450efe3555b084bc70a86fcfa688b5ecb974b
rbt-129-stage1-c1-p080-U-L-129008-S	3.14.0	3.14.0,3.14.0	2.4.6	3.11.15	830450efe3555b084bc70a86fcfa688b5ecb974b
rbt-129-stage1-c1-p080-U-L-129008-ckpt60	3.14.0		2.4.6	3.11.15	830450efe3555b084bc70a86fcfa688b5ecb974b
rbt-129-stage1-c2-p010-HP-G-129001-S	3.14.0	3.14.0,3.14.0	2.4.6	3.11.15	02bf3b64f3795bd232c835bba6b011e9b8f98b49
rbt-129-stage1-c2-p010-HP-G-129001-ckpt60	3.14.0		2.4.6	3.11.15	02bf3b64f3795bd232c835bba6b011e9b8f98b49
rbt-129-stage1-c2-p010-HP-G-129002-S	3.14.0	3.14.0,3.14.0,3.14.0	2.4.6	3.11.15	830450efe3555b084bc70a86fcfa688b5ecb974b
rbt-129-stage1-c2-p010-HP-G-129002-ckpt60	3.14.0	3.14.0	2.4.6	3.11.15	830450efe3555b084bc70a86fcfa688b5ecb974b
rbt-129-stage1-c2-p010-HP-G-129002-ksalt	MISSING				
rbt-129-stage1-c2-p010-HP-G-129003-S	3.14.0	3.14.0,3.14.0	2.4.6	3.11.15	830450efe3555b084bc70a86fcfa688b5ecb974b
rbt-129-stage1-c2-p010-HP-G-129003-ckpt60	3.14.0		2.4.6	3.11.15	830450efe3555b084bc70a86fcfa688b5ecb974b
rbt-129-stage1-c2-p010-HP-G-129003-ksalt	MISSING				
rbt-129-stage1-c2-p010-HP-G-129004-S	3.14.0	3.14.0,3.14.0	2.4.6	3.11.15	830450efe3555b084bc70a86fcfa688b5ecb974b
rbt-129-stage1-c2-p010-HP-G-129004-ckpt60	3.14.0		2.4.6	3.11.15	830450efe3555b084bc70a86fcfa688b5ecb974b
rbt-129-stage1-c2-p010-HP-G-129005-S	3.14.0	3.14.0,3.14.0	2.4.6	3.11.15	830450efe3555b084bc70a86fcfa688b5ecb974b
rbt-129-stage1-c2-p010-HP-G-129005-ckpt60	3.14.0		2.4.6	3.11.15	830450efe3555b084bc70a86fcfa688b5ecb974b
rbt-129-stage1-c2-p010-HP-G-129006-S	3.14.0	3.14.0,3.14.0	2.4.6	3.11.15	830450efe3555b084bc70a86fcfa688b5ecb974b
rbt-129-stage1-c2-p010-HP-G-129006-ckpt60	3.14.0	3.14.0	2.4.6	3.11.15	830450efe3555b084bc70a86fcfa688b5ecb974b
rbt-129-stage1-c2-p010-HP-G-129007-S	3.14.0	3.14.0,3.14.0	2.4.6	3.11.15	830450efe3555b084bc70a86fcfa688b5ecb974b
rbt-129-stage1-c2-p010-HP-G-129007-ckpt60	3.14.0		2.4.6	3.11.15	830450efe3555b084bc70a86fcfa688b5ecb974b
rbt-129-stage1-c2-p010-HP-G-129008-S	3.14.0	3.14.0,3.14.0,3.14.0	2.4.6	3.11.15	830450efe3555b084bc70a86fcfa688b5ecb974b
rbt-129-stage1-c2-p010-HP-G-129008-ckpt60	3.14.0		2.4.6	3.11.15	830450efe3555b084bc70a86fcfa688b5ecb974b
rbt-129-stage1-c2-p010-PW-G-129001-S	3.14.0		2.4.6	3.11.15	02bf3b64f3795bd232c835bba6b011e9b8f98b49
rbt-129-stage1-c2-p010-PW-G-129001-ckpt60	MISSING				
rbt-129-stage1-c2-p010-PW-G-129002-M	3.14.0	3.14.0	2.4.6	3.11.15	830450efe3555b084bc70a86fcfa688b5ecb974b
rbt-129-stage1-c2-p010-PW-G-129002-N	3.14.0	3.14.0	2.4.6	3.11.15	830450efe3555b084bc70a86fcfa688b5ecb974b
rbt-129-stage1-c2-p010-PW-G-129002-S	3.14.0	3.14.0,3.14.0	2.4.6	3.11.15	830450efe3555b084bc70a86fcfa688b5ecb974b
rbt-129-stage1-c2-p010-PW-G-129002-ckpt60	3.14.0		2.4.6	3.11.15	830450efe3555b084bc70a86fcfa688b5ecb974b
rbt-129-stage1-c2-p010-PW-G-129002-ksalt	MISSING				
rbt-129-stage1-c2-p010-PW-G-129003-S	3.14.0	3.14.0	2.4.6	3.11.15	830450efe3555b084bc70a86fcfa688b5ecb974b
rbt-129-stage1-c2-p010-PW-G-129003-ckpt60	3.14.0		2.4.6	3.11.15	830450efe3555b084bc70a86fcfa688b5ecb974b
rbt-129-stage1-c2-p010-PW-G-129003-ksalt	MISSING				
rbt-129-stage1-c2-p010-PW-G-129004-S	3.14.0	3.14.0	2.4.6	3.11.15	830450efe3555b084bc70a86fcfa688b5ecb974b
rbt-129-stage1-c2-p010-PW-G-129004-ckpt60	3.14.0		2.4.6	3.11.15	830450efe3555b084bc70a86fcfa688b5ecb974b
rbt-129-stage1-c2-p010-PW-G-129005-M	3.14.0	3.14.0,3.14.0	2.4.6	3.11.15	830450efe3555b084bc70a86fcfa688b5ecb974b
rbt-129-stage1-c2-p010-PW-G-129005-S	3.14.0	3.14.0,3.14.0	2.4.6	3.11.15	830450efe3555b084bc70a86fcfa688b5ecb974b
rbt-129-stage1-c2-p010-PW-G-129005-ckpt60	3.14.0		2.4.6	3.11.15	830450efe3555b084bc70a86fcfa688b5ecb974b
rbt-129-stage1-c2-p010-PW-G-129006-S	3.14.0		2.4.6	3.11.15	830450efe3555b084bc70a86fcfa688b5ecb974b
rbt-129-stage1-c2-p010-PW-G-129006-ckpt60	MISSING				
rbt-129-stage1-c2-p010-PW-G-129007-S	3.14.0	3.14.0	2.4.6	3.11.15	830450efe3555b084bc70a86fcfa688b5ecb974b
rbt-129-stage1-c2-p010-PW-G-129007-ckpt60	3.14.0		2.4.6	3.11.15	830450efe3555b084bc70a86fcfa688b5ecb974b
rbt-129-stage1-c2-p010-PW-G-129008-S	3.14.0	3.14.0,3.14.0	2.4.6	3.11.15	830450efe3555b084bc70a86fcfa688b5ecb974b
rbt-129-stage1-c2-p010-PW-G-129008-ckpt60	3.14.0		2.4.6	3.11.15	830450efe3555b084bc70a86fcfa688b5ecb974b
rbt-129-stage1-c2-p010-U-G-129001-S	3.14.0	3.14.0	2.4.6	3.11.15	02bf3b64f3795bd232c835bba6b011e9b8f98b49
rbt-129-stage1-c2-p010-U-G-129001-ckpt60	3.14.0		2.4.6	3.11.15	02bf3b64f3795bd232c835bba6b011e9b8f98b49
rbt-129-stage1-c2-p010-U-G-129002-S	3.14.0	3.14.0,3.14.0	2.4.6	3.11.15	830450efe3555b084bc70a86fcfa688b5ecb974b
rbt-129-stage1-c2-p010-U-G-129002-ckpt60	3.14.0	3.14.0	2.4.6	3.11.15	830450efe3555b084bc70a86fcfa688b5ecb974b
rbt-129-stage1-c2-p010-U-G-129002-ksalt	MISSING				
rbt-129-stage1-c2-p010-U-G-129003-S	3.14.0	3.14.0	2.4.6	3.11.15	830450efe3555b084bc70a86fcfa688b5ecb974b
rbt-129-stage1-c2-p010-U-G-129003-ckpt60	3.14.0		2.4.6	3.11.15	830450efe3555b084bc70a86fcfa688b5ecb974b
rbt-129-stage1-c2-p010-U-G-129003-ksalt	MISSING				
rbt-129-stage1-c2-p010-U-G-129004-S	3.14.0	3.14.0,3.14.0,3.14.0	2.4.6	3.11.15	830450efe3555b084bc70a86fcfa688b5ecb974b
rbt-129-stage1-c2-p010-U-G-129004-ckpt60	3.14.0	3.14.0	2.4.6	3.11.15	830450efe3555b084bc70a86fcfa688b5ecb974b
rbt-129-stage1-c2-p010-U-G-129005-S	3.14.0	3.14.0,3.14.0	2.4.6	3.11.15	830450efe3555b084bc70a86fcfa688b5ecb974b
rbt-129-stage1-c2-p010-U-G-129005-ckpt60	3.14.0		2.4.6	3.11.15	830450efe3555b084bc70a86fcfa688b5ecb974b
rbt-129-stage1-c2-p010-U-G-129006-S	3.14.0	3.14.0	2.4.6	3.11.15	830450efe3555b084bc70a86fcfa688b5ecb974b
rbt-129-stage1-c2-p010-U-G-129006-ckpt60	3.14.0		2.4.6	3.11.15	830450efe3555b084bc70a86fcfa688b5ecb974b
rbt-129-stage1-c2-p010-U-G-129007-S	3.14.0	3.14.0,3.14.0	2.4.6	3.11.15	830450efe3555b084bc70a86fcfa688b5ecb974b
rbt-129-stage1-c2-p010-U-G-129007-ckpt60	3.14.0		2.4.6	3.11.15	830450efe3555b084bc70a86fcfa688b5ecb974b
rbt-129-stage1-c2-p010-U-G-129008-S	3.14.0	3.14.0,3.14.0	2.4.6	3.11.15	830450efe3555b084bc70a86fcfa688b5ecb974b
rbt-129-stage1-c2-p010-U-G-129008-ckpt60	3.14.0		2.4.6	3.11.15	830450efe3555b084bc70a86fcfa688b5ecb974b
rbt-129-stage1-c2-p030-HP-G-129001-S	3.14.0	3.14.0,3.14.0	2.4.6	3.11.15	02bf3b64f3795bd232c835bba6b011e9b8f98b49
rbt-129-stage1-c2-p030-HP-G-129001-ckpt60	3.14.0		2.4.6	3.11.15	02bf3b64f3795bd232c835bba6b011e9b8f98b49
rbt-129-stage1-c2-p030-HP-G-129002-S	3.14.0	3.14.0,3.14.0	2.4.6	3.11.15	830450efe3555b084bc70a86fcfa688b5ecb974b
rbt-129-stage1-c2-p030-HP-G-129002-ckpt60	3.14.0		2.4.6	3.11.15	830450efe3555b084bc70a86fcfa688b5ecb974b
rbt-129-stage1-c2-p030-HP-G-129002-ksalt	MISSING				
rbt-129-stage1-c2-p030-HP-G-129003-S	3.14.0	3.14.0	2.4.6	3.11.15	830450efe3555b084bc70a86fcfa688b5ecb974b
rbt-129-stage1-c2-p030-HP-G-129003-ckpt60	3.14.0		2.4.6	3.11.15	830450efe3555b084bc70a86fcfa688b5ecb974b
rbt-129-stage1-c2-p030-HP-G-129003-ksalt	MISSING				
rbt-129-stage1-c2-p030-HP-G-129004-S	3.14.0	3.14.0,3.14.0	2.4.6	3.11.15	830450efe3555b084bc70a86fcfa688b5ecb974b
rbt-129-stage1-c2-p030-HP-G-129004-ckpt60	3.14.0		2.4.6	3.11.15	830450efe3555b084bc70a86fcfa688b5ecb974b
rbt-129-stage1-c2-p030-HP-G-129005-S	3.14.0	3.14.0,3.14.0,3.14.0	2.4.6	3.11.15	830450efe3555b084bc70a86fcfa688b5ecb974b
rbt-129-stage1-c2-p030-HP-G-129005-ckpt60	3.14.0	3.14.0	2.4.6	3.11.15	830450efe3555b084bc70a86fcfa688b5ecb974b
rbt-129-stage1-c2-p030-HP-G-129006-S	3.14.0	3.14.0	2.4.6	3.11.15	830450efe3555b084bc70a86fcfa688b5ecb974b
rbt-129-stage1-c2-p030-HP-G-129006-ckpt60	3.14.0		2.4.6	3.11.15	830450efe3555b084bc70a86fcfa688b5ecb974b
rbt-129-stage1-c2-p030-HP-G-129007-S	3.14.0	3.14.0	2.4.6	3.11.15	830450efe3555b084bc70a86fcfa688b5ecb974b
rbt-129-stage1-c2-p030-HP-G-129007-ckpt60	3.14.0		2.4.6	3.11.15	830450efe3555b084bc70a86fcfa688b5ecb974b
rbt-129-stage1-c2-p030-HP-G-129008-S	3.14.0	3.14.0	2.4.6	3.11.15	830450efe3555b084bc70a86fcfa688b5ecb974b
rbt-129-stage1-c2-p030-HP-G-129008-ckpt60	3.14.0		2.4.6	3.11.15	830450efe3555b084bc70a86fcfa688b5ecb974b
rbt-129-stage1-c2-p030-PW-G-129001-S	3.14.0		2.4.6	3.11.15	02bf3b64f3795bd232c835bba6b011e9b8f98b49
rbt-129-stage1-c2-p030-PW-G-129001-ckpt60	MISSING				
rbt-129-stage1-c2-p030-PW-G-129002-S	3.14.0		2.4.6	3.11.15	830450efe3555b084bc70a86fcfa688b5ecb974b
rbt-129-stage1-c2-p030-PW-G-129002-ckpt60	MISSING				
rbt-129-stage1-c2-p030-PW-G-129002-ksalt	MISSING				
rbt-129-stage1-c2-p030-PW-G-129003-S	3.14.0		2.4.6	3.11.15	830450efe3555b084bc70a86fcfa688b5ecb974b
rbt-129-stage1-c2-p030-PW-G-129003-ckpt60	MISSING				
rbt-129-stage1-c2-p030-PW-G-129003-ksalt	MISSING				
rbt-129-stage1-c2-p030-PW-G-129004-S	3.14.0		2.4.6	3.11.15	830450efe3555b084bc70a86fcfa688b5ecb974b
rbt-129-stage1-c2-p030-PW-G-129004-ckpt60	MISSING				
rbt-129-stage1-c2-p030-PW-G-129005-S	3.14.0	3.14.0	2.4.6	3.11.15	830450efe3555b084bc70a86fcfa688b5ecb974b
rbt-129-stage1-c2-p030-PW-G-129005-ckpt60	3.14.0		2.4.6	3.11.15	830450efe3555b084bc70a86fcfa688b5ecb974b
rbt-129-stage1-c2-p030-PW-G-129006-S	3.14.0		2.4.6	3.11.15	830450efe3555b084bc70a86fcfa688b5ecb974b
rbt-129-stage1-c2-p030-PW-G-129006-ckpt60	MISSING				
rbt-129-stage1-c2-p030-PW-G-129007-S	3.14.0		2.4.6	3.11.15	830450efe3555b084bc70a86fcfa688b5ecb974b
rbt-129-stage1-c2-p030-PW-G-129007-ckpt60	MISSING				
rbt-129-stage1-c2-p030-PW-G-129008-S	3.14.0		2.4.6	3.11.15	830450efe3555b084bc70a86fcfa688b5ecb974b
rbt-129-stage1-c2-p030-PW-G-129008-ckpt60	MISSING				
rbt-129-stage1-c2-p030-U-G-129001-S	3.14.0	3.14.0,3.14.0	2.4.6	3.11.15	02bf3b64f3795bd232c835bba6b011e9b8f98b49
rbt-129-stage1-c2-p030-U-G-129001-ckpt60	3.14.0		2.4.6	3.11.15	02bf3b64f3795bd232c835bba6b011e9b8f98b49
rbt-129-stage1-c2-p030-U-G-129002-M	3.14.0	3.14.0	2.4.6	3.11.15	830450efe3555b084bc70a86fcfa688b5ecb974b
rbt-129-stage1-c2-p030-U-G-129002-S	3.14.0	3.14.0,3.14.0	2.4.6	3.11.15	830450efe3555b084bc70a86fcfa688b5ecb974b
rbt-129-stage1-c2-p030-U-G-129002-ckpt60	3.14.0		2.4.6	3.11.15	830450efe3555b084bc70a86fcfa688b5ecb974b
rbt-129-stage1-c2-p030-U-G-129002-ksalt	MISSING				
rbt-129-stage1-c2-p030-U-G-129003-M	3.14.0	3.14.0,3.14.0	2.4.6	3.11.15	830450efe3555b084bc70a86fcfa688b5ecb974b
rbt-129-stage1-c2-p030-U-G-129003-S	3.14.0	3.14.0	2.4.6	3.11.15	830450efe3555b084bc70a86fcfa688b5ecb974b
rbt-129-stage1-c2-p030-U-G-129003-ckpt60	3.14.0		2.4.6	3.11.15	830450efe3555b084bc70a86fcfa688b5ecb974b
rbt-129-stage1-c2-p030-U-G-129003-ksalt	MISSING				
rbt-129-stage1-c2-p030-U-G-129004-M	3.14.0	3.14.0	2.4.6	3.11.15	830450efe3555b084bc70a86fcfa688b5ecb974b
rbt-129-stage1-c2-p030-U-G-129004-S	3.14.0	3.14.0,3.14.0	2.4.6	3.11.15	830450efe3555b084bc70a86fcfa688b5ecb974b
rbt-129-stage1-c2-p030-U-G-129004-ckpt60	3.14.0		2.4.6	3.11.15	830450efe3555b084bc70a86fcfa688b5ecb974b
rbt-129-stage1-c2-p030-U-G-129005-M	3.14.0	3.14.0,3.14.0	2.4.6	3.11.15	830450efe3555b084bc70a86fcfa688b5ecb974b
rbt-129-stage1-c2-p030-U-G-129005-S	3.14.0	3.14.0,3.14.0,3.14.0	2.4.6	3.11.15	830450efe3555b084bc70a86fcfa688b5ecb974b
rbt-129-stage1-c2-p030-U-G-129005-ckpt60	3.14.0	3.14.0	2.4.6	3.11.15	830450efe3555b084bc70a86fcfa688b5ecb974b
rbt-129-stage1-c2-p030-U-G-129006-M	3.14.0	3.14.0	2.4.6	3.11.15	830450efe3555b084bc70a86fcfa688b5ecb974b
rbt-129-stage1-c2-p030-U-G-129006-S	3.14.0	3.14.0	2.4.6	3.11.15	830450efe3555b084bc70a86fcfa688b5ecb974b
rbt-129-stage1-c2-p030-U-G-129006-ckpt60	3.14.0		2.4.6	3.11.15	830450efe3555b084bc70a86fcfa688b5ecb974b
rbt-129-stage1-c2-p030-U-G-129007-M	3.14.0	3.14.0,3.14.0,3.14.0	2.4.6	3.11.15	830450efe3555b084bc70a86fcfa688b5ecb974b
rbt-129-stage1-c2-p030-U-G-129007-S	3.14.0	3.14.0,3.14.0	2.4.6	3.11.15	830450efe3555b084bc70a86fcfa688b5ecb974b
rbt-129-stage1-c2-p030-U-G-129007-ckpt60	3.14.0	3.14.0	2.4.6	3.11.15	830450efe3555b084bc70a86fcfa688b5ecb974b
rbt-129-stage1-c2-p030-U-G-129008-M	3.14.0	3.14.0,3.14.0	2.4.6	3.11.15	830450efe3555b084bc70a86fcfa688b5ecb974b
rbt-129-stage1-c2-p030-U-G-129008-S	3.14.0	3.14.0,3.14.0	2.4.6	3.11.15	830450efe3555b084bc70a86fcfa688b5ecb974b
rbt-129-stage1-c2-p030-U-G-129008-ckpt60	3.14.0		2.4.6	3.11.15	830450efe3555b084bc70a86fcfa688b5ecb974b
rbt-129-stage1-c2-p080-HP-G-129001-S	3.14.0	3.14.0	2.4.6	3.11.15	02bf3b64f3795bd232c835bba6b011e9b8f98b49
rbt-129-stage1-c2-p080-HP-G-129001-ckpt60	3.14.0		2.4.6	3.11.15	02bf3b64f3795bd232c835bba6b011e9b8f98b49
rbt-129-stage1-c2-p080-HP-G-129002-S	3.14.0	3.14.0	2.4.6	3.11.15	830450efe3555b084bc70a86fcfa688b5ecb974b
rbt-129-stage1-c2-p080-HP-G-129002-ckpt60	3.14.0		2.4.6	3.11.15	830450efe3555b084bc70a86fcfa688b5ecb974b
rbt-129-stage1-c2-p080-HP-G-129002-ksalt	MISSING				
rbt-129-stage1-c2-p080-HP-G-129003-S	3.14.0		2.4.6	3.11.15	830450efe3555b084bc70a86fcfa688b5ecb974b
rbt-129-stage1-c2-p080-HP-G-129003-ckpt60	MISSING				
rbt-129-stage1-c2-p080-HP-G-129003-ksalt	MISSING				
rbt-129-stage1-c2-p080-HP-G-129004-S	3.14.0	3.14.0,3.14.0	2.4.6	3.11.15	830450efe3555b084bc70a86fcfa688b5ecb974b
rbt-129-stage1-c2-p080-HP-G-129004-ckpt60	3.14.0		2.4.6	3.11.15	830450efe3555b084bc70a86fcfa688b5ecb974b
rbt-129-stage1-c2-p080-HP-G-129005-S	3.14.0	3.14.0,3.14.0	2.4.6	3.11.15	830450efe3555b084bc70a86fcfa688b5ecb974b
rbt-129-stage1-c2-p080-HP-G-129005-ckpt60	3.14.0	3.14.0	2.4.6	3.11.15	830450efe3555b084bc70a86fcfa688b5ecb974b
rbt-129-stage1-c2-p080-HP-G-129006-S	3.14.0	3.14.0	2.4.6	3.11.15	830450efe3555b084bc70a86fcfa688b5ecb974b
rbt-129-stage1-c2-p080-HP-G-129006-ckpt60	3.14.0		2.4.6	3.11.15	830450efe3555b084bc70a86fcfa688b5ecb974b
rbt-129-stage1-c2-p080-HP-G-129007-S	3.14.0	3.14.0,3.14.0	2.4.6	3.11.15	830450efe3555b084bc70a86fcfa688b5ecb974b
rbt-129-stage1-c2-p080-HP-G-129007-ckpt60	3.14.0		2.4.6	3.11.15	830450efe3555b084bc70a86fcfa688b5ecb974b
rbt-129-stage1-c2-p080-HP-G-129008-S	3.14.0	3.14.0	2.4.6	3.11.15	830450efe3555b084bc70a86fcfa688b5ecb974b
rbt-129-stage1-c2-p080-HP-G-129008-ckpt60	3.14.0		2.4.6	3.11.15	830450efe3555b084bc70a86fcfa688b5ecb974b
rbt-129-stage1-c2-p080-PW-G-129001-S	3.14.0		2.4.6	3.11.15	02bf3b64f3795bd232c835bba6b011e9b8f98b49
rbt-129-stage1-c2-p080-PW-G-129001-ckpt60	MISSING				
rbt-129-stage1-c2-p080-PW-G-129002-S	3.14.0		2.4.6	3.11.15	830450efe3555b084bc70a86fcfa688b5ecb974b
rbt-129-stage1-c2-p080-PW-G-129002-ckpt60	MISSING				
rbt-129-stage1-c2-p080-PW-G-129002-ksalt	MISSING				
rbt-129-stage1-c2-p080-PW-G-129003-S	3.14.0		2.4.6	3.11.15	830450efe3555b084bc70a86fcfa688b5ecb974b
rbt-129-stage1-c2-p080-PW-G-129003-ckpt60	MISSING				
rbt-129-stage1-c2-p080-PW-G-129003-ksalt	MISSING				
rbt-129-stage1-c2-p080-PW-G-129004-S	3.14.0		2.4.6	3.11.15	830450efe3555b084bc70a86fcfa688b5ecb974b
rbt-129-stage1-c2-p080-PW-G-129004-ckpt60	MISSING				
rbt-129-stage1-c2-p080-PW-G-129005-S	3.14.0		2.4.6	3.11.15	830450efe3555b084bc70a86fcfa688b5ecb974b
rbt-129-stage1-c2-p080-PW-G-129005-ckpt60	MISSING				
rbt-129-stage1-c2-p080-PW-G-129006-S	3.14.0		2.4.6	3.11.15	830450efe3555b084bc70a86fcfa688b5ecb974b
rbt-129-stage1-c2-p080-PW-G-129006-ckpt60	MISSING				
rbt-129-stage1-c2-p080-PW-G-129007-S	3.14.0		2.4.6	3.11.15	830450efe3555b084bc70a86fcfa688b5ecb974b
rbt-129-stage1-c2-p080-PW-G-129007-ckpt60	MISSING				
rbt-129-stage1-c2-p080-PW-G-129008-S	3.14.0		2.4.6	3.11.15	830450efe3555b084bc70a86fcfa688b5ecb974b
rbt-129-stage1-c2-p080-PW-G-129008-ckpt60	MISSING				
rbt-129-stage1-c2-p080-U-G-129001-S	3.14.0	3.14.0,3.14.0	2.4.6	3.11.15	02bf3b64f3795bd232c835bba6b011e9b8f98b49
rbt-129-stage1-c2-p080-U-G-129001-ckpt60	3.14.0		2.4.6	3.11.15	02bf3b64f3795bd232c835bba6b011e9b8f98b49
rbt-129-stage1-c2-p080-U-G-129002-S	3.14.0	3.14.0	2.4.6	3.11.15	830450efe3555b084bc70a86fcfa688b5ecb974b
rbt-129-stage1-c2-p080-U-G-129002-ckpt60	3.14.0		2.4.6	3.11.15	830450efe3555b084bc70a86fcfa688b5ecb974b
rbt-129-stage1-c2-p080-U-G-129002-ksalt	MISSING				
rbt-129-stage1-c2-p080-U-G-129003-S	3.14.0	3.14.0	2.4.6	3.11.15	830450efe3555b084bc70a86fcfa688b5ecb974b
rbt-129-stage1-c2-p080-U-G-129003-ckpt60	3.14.0		2.4.6	3.11.15	830450efe3555b084bc70a86fcfa688b5ecb974b
rbt-129-stage1-c2-p080-U-G-129003-ksalt	MISSING				
rbt-129-stage1-c2-p080-U-G-129004-S	3.14.0	3.14.0	2.4.6	3.11.15	830450efe3555b084bc70a86fcfa688b5ecb974b
rbt-129-stage1-c2-p080-U-G-129004-ckpt60	3.14.0		2.4.6	3.11.15	830450efe3555b084bc70a86fcfa688b5ecb974b
rbt-129-stage1-c2-p080-U-G-129005-S	3.14.0	3.14.0,3.14.0	2.4.6	3.11.15	830450efe3555b084bc70a86fcfa688b5ecb974b
rbt-129-stage1-c2-p080-U-G-129005-ckpt60	3.14.0		2.4.6	3.11.15	830450efe3555b084bc70a86fcfa688b5ecb974b
rbt-129-stage1-c2-p080-U-G-129006-S	3.14.0	3.14.0	2.4.6	3.11.15	830450efe3555b084bc70a86fcfa688b5ecb974b
rbt-129-stage1-c2-p080-U-G-129006-ckpt60	3.14.0		2.4.6	3.11.15	830450efe3555b084bc70a86fcfa688b5ecb974b
rbt-129-stage1-c2-p080-U-G-129007-S	3.14.0	3.14.0	2.4.6	3.11.15	830450efe3555b084bc70a86fcfa688b5ecb974b
rbt-129-stage1-c2-p080-U-G-129007-ckpt60	3.14.0		2.4.6	3.11.15	830450efe3555b084bc70a86fcfa688b5ecb974b
rbt-129-stage1-c2-p080-U-G-129008-S	3.14.0	3.14.0	2.4.6	3.11.15	830450efe3555b084bc70a86fcfa688b5ecb974b
rbt-129-stage1-c2-p080-U-G-129008-ckpt60	3.14.0		2.4.6	3.11.15	830450efe3555b084bc70a86fcfa688b5ecb974b
rbt-129-stage0-c0-p010-HP-G-129001-S	3.14.0		2.4.6	3.11.15	02bf3b64f3795bd232c835bba6b011e9b8f98b49
rbt-129-stage0-c0-p010-PW-G-129001-S	3.14.0		2.4.6	3.11.15	02bf3b64f3795bd232c835bba6b011e9b8f98b49
rbt-129-stage0-c0-p010-U-G-129001-S	3.14.0		2.4.6	3.11.15	02bf3b64f3795bd232c835bba6b011e9b8f98b49
rbt-129-stage0-c0-p030-HP-G-129001-S	3.14.0		2.4.6	3.11.15	02bf3b64f3795bd232c835bba6b011e9b8f98b49
rbt-129-stage0-c0-p030-PW-G-129001-S	3.14.0		2.4.6	3.11.15	02bf3b64f3795bd232c835bba6b011e9b8f98b49
rbt-129-stage0-c0-p030-U-G-129001-S	3.14.0		2.4.6	3.11.15	02bf3b64f3795bd232c835bba6b011e9b8f98b49
rbt-129-stage0-c0-p080-HP-G-129001-S	3.14.0		2.4.6	3.11.15	02bf3b64f3795bd232c835bba6b011e9b8f98b49
rbt-129-stage0-c0-p080-PW-G-129001-S	3.14.0		2.4.6	3.11.15	02bf3b64f3795bd232c835bba6b011e9b8f98b49
rbt-129-stage0-c0-p080-U-G-129001-S	3.14.0		2.4.6	3.11.15	02bf3b64f3795bd232c835bba6b011e9b8f98b49
rbt-129-stage0-c1-p010-HP-G-129001-S	3.14.0		2.4.6	3.11.15	02bf3b64f3795bd232c835bba6b011e9b8f98b49
rbt-129-stage0-c1-p010-HP-L-129001-S	3.14.0		2.4.6	3.11.15	02bf3b64f3795bd232c835bba6b011e9b8f98b49
rbt-129-stage0-c1-p010-PW-G-129001-S	3.14.0		2.4.6	3.11.15	02bf3b64f3795bd232c835bba6b011e9b8f98b49
rbt-129-stage0-c1-p010-PW-L-129001-S	3.14.0		2.4.6	3.11.15	02bf3b64f3795bd232c835bba6b011e9b8f98b49
rbt-129-stage0-c1-p010-U-G-129001-S	3.14.0		2.4.6	3.11.15	02bf3b64f3795bd232c835bba6b011e9b8f98b49
rbt-129-stage0-c1-p010-U-L-129001-S	3.14.0		2.4.6	3.11.15	02bf3b64f3795bd232c835bba6b011e9b8f98b49
rbt-129-stage0-c1-p030-HP-G-129001-S	3.14.0		2.4.6	3.11.15	02bf3b64f3795bd232c835bba6b011e9b8f98b49
rbt-129-stage0-c1-p030-HP-L-129001-S	3.14.0		2.4.6	3.11.15	02bf3b64f3795bd232c835bba6b011e9b8f98b49
rbt-129-stage0-c1-p030-PW-G-129001-S	3.14.0		2.4.6	3.11.15	02bf3b64f3795bd232c835bba6b011e9b8f98b49
rbt-129-stage0-c1-p030-PW-L-129001-S	3.14.0		2.4.6	3.11.15	02bf3b64f3795bd232c835bba6b011e9b8f98b49
rbt-129-stage0-c1-p030-U-G-129001-S	3.14.0		2.4.6	3.11.15	02bf3b64f3795bd232c835bba6b011e9b8f98b49
rbt-129-stage0-c1-p030-U-L-129001-S	3.14.0		2.4.6	3.11.15	02bf3b64f3795bd232c835bba6b011e9b8f98b49
rbt-129-stage0-c1-p080-HP-G-129001-S	3.14.0		2.4.6	3.11.15	02bf3b64f3795bd232c835bba6b011e9b8f98b49
rbt-129-stage0-c1-p080-HP-L-129001-S	3.14.0		2.4.6	3.11.15	02bf3b64f3795bd232c835bba6b011e9b8f98b49
rbt-129-stage0-c1-p080-PW-G-129001-S	3.14.0		2.4.6	3.11.15	02bf3b64f3795bd232c835bba6b011e9b8f98b49
rbt-129-stage0-c1-p080-PW-L-129001-S	3.14.0		2.4.6	3.11.15	02bf3b64f3795bd232c835bba6b011e9b8f98b49
rbt-129-stage0-c1-p080-U-G-129001-S	3.14.0		2.4.6	3.11.15	02bf3b64f3795bd232c835bba6b011e9b8f98b49
rbt-129-stage0-c1-p080-U-L-129001-S	3.14.0		2.4.6	3.11.15	02bf3b64f3795bd232c835bba6b011e9b8f98b49
rbt-129-stage0-c2-p010-HP-G-129001-S	3.14.0		2.4.6	3.11.15	02bf3b64f3795bd232c835bba6b011e9b8f98b49
rbt-129-stage0-c2-p010-PW-G-129001-S	3.14.0		2.4.6	3.11.15	02bf3b64f3795bd232c835bba6b011e9b8f98b49
rbt-129-stage0-c2-p010-U-G-129001-S	3.14.0		2.4.6	3.11.15	02bf3b64f3795bd232c835bba6b011e9b8f98b49
rbt-129-stage0-c2-p030-HP-G-129001-S	3.14.0		2.4.6	3.11.15	02bf3b64f3795bd232c835bba6b011e9b8f98b49
rbt-129-stage0-c2-p030-PW-G-129001-S	3.14.0		2.4.6	3.11.15	02bf3b64f3795bd232c835bba6b011e9b8f98b49
rbt-129-stage0-c2-p030-U-G-129001-S	3.14.0		2.4.6	3.11.15	02bf3b64f3795bd232c835bba6b011e9b8f98b49
rbt-129-stage0-c2-p080-HP-G-129001-S	3.14.0		2.4.6	3.11.15	02bf3b64f3795bd232c835bba6b011e9b8f98b49
rbt-129-stage0-c2-p080-PW-G-129001-S	3.14.0		2.4.6	3.11.15	02bf3b64f3795bd232c835bba6b011e9b8f98b49
rbt-129-stage0-c2-p080-U-G-129001-S	3.14.0		2.4.6	3.11.15	02bf3b64f3795bd232c835bba6b011e9b8f98b49
